variant_id,activity_sequence,trace_length,frequency,frequency_pct,representative_case_id,duration_seconds_mean,duration_seconds_median,duration_seconds_min,duration_seconds_max,outcome,rework,resource_distribution
V0001,Create Fine>Send Fine>Insert Fine Notification>Add penalty>Send for Credit Collection,5,56482,0.3756201369954113,A10436,59592117.828688785,55123200.0,23587200.0,296953200.0,Send for Credit Collection,{},"{""538"": 3905, ""550"": 3170, ""537"": 2665, ""541"": 2652, ""536"": 2310, ""559"": 2001, ""49"": 1604, ""557"": 1560, ""29"": 1357, ""40"": 1149, ""561"": 1094, ""11"": 1091, ""558"": 1083, ""548"": 1045, ""30"": 988, ""53"": 973, ""28"": 927, ""546"": 639, ""31"": 595, ""560"": 551, ""63"": 498, ""820"": 493, ""26"": 492, ""851"": 488, ""563"": 485, ""50"": 471, ""57"": 454, ""852"": 454, ""36"": 450, ""831"": 438, ""858"": 424, ""45"": 416, ""39"": 403, ""824"": 390, ""850"": 388, ""825"": 387, ""704"": 382, ""829"": 381, ""56"": 373, ""9"": 365, ""828"": 358, ""556"": 356, ""848"": 356, ""839"": 354, ""35"": 346, ""847"": 338, ""552"": 336, ""555"": 333, ""37"": 332, ""44"": 325, ""562"": 324, ""41"": 320, ""802"": 319, ""823"": 319, ""821"": 317, ""565"": 313, ""540"": 307, ""564"": 305, ""827"": 300, ""42"": 299, ""810"": 284, ""857"": 284, ""849"": 263, ""854"": 257, ""46"": 252, ""34"": 246, ""52"": 239, ""833"": 238, ""25"": 238, ""27"": 235, ""836"": 230, ""846"": 215, ""816"": 212, ""16"": 211, ""566"": 207, ""838"": 203, ""32"": 200, ""21"": 194, ""48"": 184, ""840"": 183, ""855"": 183, ""58"": 179, ""834"": 178, ""819"": 169, ""832"": 162, ""817"": 160, ""826"": 155, ""20"": 154, ""856"": 150, ""830"": 144, ""807"": 143, ""22"": 142, ""65"": 135, ""837"": 134, ""842"": 133, ""47"": 129, ""568"": 127, ""43"": 126, ""59"": 124, ""33"": 122, ""808"": 116, ""62"": 108, ""54"": 106, ""811"": 104, ""554"": 104, ""813"": 99, ""859"": 97, ""861"": 96, ""860"": 96, ""843"": 94, ""844"": 94, ""24"": 92, ""818"": 92, ""841"": 91, ""845"": 86, ""835"": 84, ""15"": 84, ""10"": 75, ""12"": 75, ""23"": 75, ""553"": 65, ""60"": 63, ""567"": 60, ""55"": 48, ""551"": 47, ""61"": 45, ""66"": 43, ""51"": 28, ""38"": 27, ""17"": 26, ""853"": 26, ""18"": 20, ""8"": 14, ""64"": 12, ""3"": 10, ""4"": 3, ""19"": 3, ""14"": 2}"
V0002,Create Fine>Payment,2,46371,0.3083793309835738,A10047,889691.8936404218,432000.0,0.0,83113200.0,Payment,{},"{""541"": 2372, ""550"": 2370, ""559"": 2262, ""537"": 2087, ""557"": 2017, ""538"": 2016, ""561"": 1603, ""49"": 1470, ""558"": 1395, ""536"": 1102, ""40"": 1078, ""53"": 996, ""28"": 629, ""546"": 591, ""852"": 535, ""560"": 523, ""50"": 523, ""11"": 513, ""31"": 504, ""63"": 500, ""45"": 487, ""30"": 483, ""26"": 475, ""847"": 450, ""9"": 449, ""851"": 436, ""563"": 429, ""57"": 426, ""562"": 406, ""820"": 402, ""848"": 401, ""850"": 397, ""39"": 389, ""56"": 388, ""564"": 365, ""552"": 338, ""555"": 337, ""29"": 333, ""849"": 326, ""556"": 325, ""824"": 322, ""548"": 311, ""565"": 309, ""854"": 300, ""846"": 297, ""58"": 294, ""858"": 281, ""42"": 274, ""37"": 259, ""46"": 254, ""48"": 247, ""831"": 243, ""44"": 243, ""829"": 241, ""857"": 237, ""823"": 220, ""41"": 218, ""52"": 214, ""810"": 199, ""802"": 197, ""704"": 193, ""861"": 193, ""47"": 191, ""825"": 189, ""840"": 188, ""62"": 181, ""20"": 181, ""566"": 178, ""827"": 177, ""828"": 166, ""821"": 166, ""842"": 162, ""839"": 160, ""855"": 160, ""43"": 151, ""36"": 148, ""16"": 142, ""540"": 142, ""838"": 138, ""21"": 130, ""841"": 129, ""816"": 129, ""65"": 125, ""836"": 121, ""54"": 120, ""833"": 116, ""568"": 115, ""856"": 115, ""867"": 114, ""843"": 113, ""32"": 112, ""35"": 108, ""34"": 107, ""567"": 103, ""832"": 103, ""59"": 103, ""817"": 103, ""844"": 101, ""826"": 99, ""819"": 98, ""60"": 97, ""866"": 97, ""554"": 95, ""859"": 94, ""845"": 93, ""22"": 92, ""834"": 92, ""24"": 91, ""868"": 91, ""865"": 90, ""830"": 87, ""862"": 85, ""10"": 84, ""860"": 84, ""27"": 82, ""55"": 82, ""837"": 82, ""807"": 72, ""808"": 72, ""66"": 71, ""811"": 68, ""864"": 67, ""38"": 62, ""813"": 55, ""553"": 54, ""61"": 53, ""818"": 48, ""835"": 47, ""12"": 46, ""33"": 43, ""25"": 40, ""15"": 39, ""853"": 26, ""51"": 24, ""64"": 19, ""869"": 16, ""23"": 15, ""551"": 15, ""870"": 13, ""17"": 12, ""18"": 8, ""8"": 3, ""14"": 3, ""3"": 2, ""19"": 2}"
V0003,Create Fine>Send Fine,2,20385,0.1355656048413912,A11066,8381124.768211921,8726400.0,0.0,37756800.0,Send Fine,{},"{""559"": 1186, ""538"": 1150, ""541"": 1087, ""550"": 995, ""557"": 951, ""537"": 947, ""561"": 706, ""49"": 699, ""558"": 643, ""536"": 603, ""53"": 414, ""40"": 408, ""11"": 317, ""560"": 296, ""63"": 276, ""29"": 271, ""563"": 268, ""28"": 248, ""50"": 228, ""546"": 226, ""548"": 220, ""556"": 196, ""852"": 195, ""564"": 189, ""851"": 185, ""555"": 184, ""56"": 180, ""45"": 180, ""562"": 178, ""847"": 178, ""26"": 172, ""552"": 171, ""30"": 167, ""565"": 164, ""831"": 158, ""41"": 157, ""850"": 156, ""39"": 155, ""31"": 143, ""57"": 140, ""858"": 139, ""848"": 134, ""849"": 128, ""9"": 127, ""820"": 126, ""566"": 122, ""854"": 116, ""540"": 112, ""44"": 110, ""857"": 109, ""839"": 104, ""824"": 100, ""42"": 99, ""48"": 95, ""37"": 93, ""846"": 91, ""25"": 89, ""52"": 88, ""58"": 79, ""65"": 77, ""823"": 73, ""568"": 72, ""829"": 71, ""46"": 71, ""861"": 70, ""821"": 68, ""825"": 67, ""36"": 66, ""21"": 64, ""828"": 63, ""704"": 63, ""802"": 63, ""833"": 60, ""47"": 60, ""16"": 58, ""840"": 58, ""35"": 55, ""855"": 55, ""827"": 53, ""842"": 53, ""836"": 53, ""810"": 52, ""62"": 51, ""834"": 51, ""837"": 50, ""856"": 49, ""832"": 49, ""567"": 47, ""838"": 47, ""43"": 47, ""20"": 42, ""554"": 41, ""816"": 40, ""59"": 38, ""22"": 38, ""841"": 37, ""844"": 35, ""34"": 35, ""819"": 34, ""60"": 34, ""54"": 33, ""830"": 32, ""553"": 31, ""860"": 31, ""24"": 30, ""32"": 30, ""843"": 29, ""66"": 29, ""868"": 28, ""835"": 28, ""23"": 27, ""866"": 27, ""867"": 27, ""61"": 26, ""865"": 26, ""10"": 25, ""845"": 24, ""38"": 21, ""862"": 19, ""12"": 18, ""870"": 18, ""27"": 17, ""859"": 17, ""551"": 16, ""55"": 14, ""864"": 13, ""817"": 11, ""818"": 9, ""853"": 8, ""15"": 8, ""33"": 7, ""807"": 7, ""811"": 7, ""64"": 6, ""808"": 6, ""826"": 5, ""17"": 5, ""813"": 4, ""18"": 3, ""869"": 1, ""8"": 1, ""14"": 1, ""3"": 1, ""51"": 1}"
V0004,Create Fine>Send Fine>Insert Fine Notification>Add penalty>Payment,5,9520,0.0633105007647802,N92081,35038655.168067224,36543600.0,5180400.0,142304400.0,Payment,{},"{""541"": 483, ""559"": 459, ""537"": 446, ""557"": 416, ""550"": 413, ""538"": 400, ""49"": 366, ""561"": 321, ""558"": 317, ""40"": 280, ""53"": 223, ""29"": 180, ""536"": 170, ""28"": 153, ""63"": 143, ""560"": 140, ""50"": 139, ""11"": 124, ""563"": 118, ""57"": 113, ""31"": 111, ""30"": 109, ""45"": 109, ""852"": 109, ""546"": 109, ""562"": 104, ""564"": 102, ""851"": 99, ""552"": 93, ""556"": 92, ""42"": 91, ""39"": 90, ""56"": 89, ""44"": 88, ""26"": 87, ""858"": 87, ""850"": 85, ""555"": 83, ""9"": 81, ""848"": 77, ""37"": 73, ""847"": 70, ""46"": 63, ""565"": 62, ""857"": 59, ""849"": 55, ""566"": 54, ""48"": 51, ""52"": 47, ""820"": 45, ""824"": 44, ""47"": 44, ""854"": 43, ""41"": 42, ""36"": 41, ""21"": 39, ""846"": 39, ""842"": 38, ""554"": 38, ""704"": 37, ""840"": 37, ""58"": 37, ""855"": 34, ""841"": 32, ""59"": 31, ""860"": 31, ""43"": 28, ""568"": 27, ""16"": 27, ""24"": 26, ""62"": 26, ""25"": 26, ""54"": 25, ""548"": 25, ""861"": 25, ""823"": 24, ""831"": 24, ""567"": 23, ""829"": 23, ""32"": 23, ""35"": 22, ""843"": 22, ""844"": 22, ""65"": 22, ""825"": 21, ""20"": 21, ""540"": 21, ""839"": 19, ""34"": 18, ""845"": 18, ""856"": 18, ""810"": 17, ""553"": 17, ""802"": 16, ""833"": 16, ""55"": 15, ""551"": 15, ""38"": 15, ""60"": 15, ""817"": 14, ""828"": 14, ""827"": 14, ""838"": 14, ""816"": 14, ""61"": 14, ""859"": 14, ""821"": 13, ""27"": 13, ""868"": 13, ""10"": 11, ""837"": 10, ""830"": 9, ""862"": 9, ""866"": 9, ""867"": 9, ""808"": 9, ""813"": 8, ""826"": 8, ""819"": 8, ""834"": 8, ""836"": 8, ""832"": 7, ""22"": 7, ""66"": 7, ""865"": 7, ""807"": 7, ""12"": 6, ""33"": 6, ""818"": 5, ""15"": 5, ""811"": 5, ""835"": 4, ""51"": 4, ""18"": 4, ""23"": 4, ""17"": 3, ""869"": 3, ""64"": 2, ""864"": 2, ""4"": 1, ""853"": 1}"
V0005,Create Fine>Send Fine>Insert Fine Notification>Add penalty>Payment>Payment,6,3736,0.024845381392565,N23619,27488014.88222698,23416200.0,6566400.0,120960000.0,Payment,"{""Payment"": 3736}","{""538"": 205, ""550"": 195, ""541"": 177, ""559"": 161, ""537"": 155, ""557"": 140, ""536"": 120, ""49"": 108, ""561"": 100, ""29"": 86, ""558"": 83, ""28"": 71, ""53"": 69, ""30"": 65, ""11"": 64, ""40"": 61, ""548"": 51, ""546"": 46, ""852"": 45, ""562"": 44, ""56"": 43, ""9"": 40, ""820"": 39, ""63"": 38, ""560"": 36, ""851"": 36, ""26"": 35, ""39"": 35, ""31"": 33, ""36"": 32, ""45"": 32, ""563"": 31, ""50"": 31, ""556"": 30, ""858"": 29, ""564"": 28, ""827"": 28, ""552"": 27, ""847"": 27, ""850"": 27, ""704"": 26, ""825"": 25, ""555"": 25, ""848"": 25, ""565"": 24, ""823"": 24, ""854"": 24, ""37"": 22, ""828"": 20, ""44"": 20, ""846"": 20, ""57"": 19, ""48"": 19, ""849"": 19, ""857"": 19, ""829"": 19, ""831"": 19, ""52"": 18, ""833"": 17, ""802"": 17, ""32"": 16, ""42"": 16, ""35"": 15, ""840"": 15, ""839"": 15, ""21"": 14, ""821"": 14, ""810"": 14, ""566"": 13, ""34"": 13, ""58"": 13, ""836"": 12, ""46"": 12, ""824"": 12, ""47"": 12, ""41"": 12, ""62"": 12, ""819"": 11, ""540"": 11, ""861"": 11, ""816"": 11, ""27"": 10, ""837"": 10, ""834"": 10, ""20"": 10, ""16"": 10, ""855"": 10, ""568"": 9, ""12"": 9, ""859"": 9, ""817"": 9, ""838"": 9, ""832"": 9, ""25"": 9, ""10"": 8, ""856"": 8, ""65"": 8, ""59"": 8, ""554"": 8, ""553"": 8, ""24"": 8, ""843"": 8, ""826"": 8, ""807"": 8, ""842"": 7, ""866"": 7, ""33"": 7, ""830"": 7, ""43"": 6, ""813"": 6, ""835"": 6, ""841"": 5, ""844"": 5, ""22"": 5, ""845"": 5, ""61"": 4, ""60"": 4, ""860"": 4, ""865"": 4, ""868"": 4, ""862"": 4, ""17"": 4, ""18"": 4, ""567"": 3, ""551"": 3, ""38"": 3, ""66"": 3, ""808"": 3, ""811"": 3, ""818"": 3, ""15"": 3, ""54"": 2, ""23"": 2, ""853"": 2, ""864"": 2, ""867"": 2, ""55"": 2, ""64"": 1}"
V0006,Create Fine>Send Fine>Insert Fine Notification>Payment>Add penalty>Payment,6,3301,0.0219525171244264,N23522,22267831.081490457,19177200.0,5184000.0,110851200.0,Payment,"{""Payment"": 3301}","{""538"": 288, ""550"": 245, ""537"": 216, ""541"": 196, ""536"": 144, ""557"": 101, ""558"": 85, ""559"": 82, ""29"": 80, ""11"": 74, ""546"": 69, ""555"": 66, ""30"": 55, ""552"": 50, ""36"": 49, ""28"": 47, ""548"": 46, ""704"": 45, ""561"": 42, ""820"": 38, ""831"": 38, ""49"": 36, ""829"": 36, ""35"": 35, ""823"": 35, ""53"": 33, ""802"": 32, ""31"": 31, ""825"": 31, ""824"": 27, ""9"": 27, ""828"": 27, ""37"": 26, ""840"": 25, ""556"": 24, ""26"": 24, ""50"": 23, ""821"": 23, ""40"": 22, ""45"": 21, ""33"": 21, ""816"": 20, ""27"": 19, ""20"": 19, ""827"": 19, ""22"": 18, ""560"": 17, ""540"": 17, ""58"": 17, ""42"": 17, ""32"": 17, ""826"": 17, ""34"": 16, ""44"": 16, ""810"": 16, ""57"": 15, ""839"": 15, ""21"": 14, ""554"": 14, ""553"": 14, ""835"": 14, ""833"": 14, ""56"": 13, ""841"": 13, ""819"": 13, ""830"": 13, ""10"": 12, ""563"": 11, ""48"": 11, ""46"": 11, ""817"": 11, ""818"": 11, ""832"": 11, ""834"": 10, ""807"": 10, ""811"": 10, ""836"": 10, ""564"": 9, ""39"": 9, ""813"": 9, ""837"": 9, ""41"": 8, ""12"": 8, ""16"": 8, ""15"": 8, ""838"": 8, ""25"": 8, ""52"": 7, ""845"": 7, ""562"": 6, ""842"": 6, ""843"": 6, ""55"": 5, ""808"": 5, ""844"": 4, ""47"": 4, ""43"": 4, ""24"": 4, ""38"": 4, ""17"": 3, ""23"": 3, ""51"": 3, ""54"": 3, ""854"": 2, ""8"": 2, ""18"": 2, ""566"": 1, ""565"": 1, ""551"": 1, ""850"": 1, ""847"": 1, ""860"": 1, ""869"": 1}"
V0007,Create Fine>Send Fine>Payment,3,3131,0.0208219724679124,N33420,10148164.292558288,8467200.0,604800.0,148698000.0,Payment,{},"{""538"": 243, ""550"": 211, ""11"": 151, ""536"": 147, ""537"": 140, ""541"": 109, ""548"": 96, ""30"": 93, ""831"": 92, ""29"": 90, ""839"": 73, ""28"": 67, ""829"": 64, ""825"": 60, ""820"": 58, ""802"": 56, ""834"": 51, ""828"": 50, ""810"": 47, ""559"": 46, ""821"": 43, ""557"": 42, ""832"": 42, ""824"": 41, ""25"": 40, ""833"": 38, ""836"": 38, ""838"": 37, ""827"": 35, ""823"": 35, ""561"": 33, ""35"": 31, ""49"": 31, ""837"": 30, ""704"": 27, ""31"": 27, ""53"": 27, ""816"": 26, ""546"": 25, ""32"": 25, ""40"": 24, ""835"": 23, ""558"": 22, ""34"": 22, ""819"": 22, ""540"": 21, ""22"": 20, ""36"": 20, ""27"": 19, ""26"": 19, ""16"": 18, ""830"": 17, ""45"": 12, ""63"": 11, ""20"": 11, ""50"": 10, ""33"": 10, ""818"": 9, ""56"": 8, ""813"": 8, ""563"": 7, ""565"": 7, ""852"": 7, ""846"": 7, ""817"": 7, ""37"": 6, ""9"": 6, ""847"": 6, ""851"": 6, ""808"": 6, ""845"": 5, ""21"": 5, ""811"": 5, ""58"": 4, ""44"": 4, ""39"": 4, ""52"": 4, ""848"": 4, ""850"": 4, ""858"": 4, ""857"": 4, ""849"": 4, ""15"": 4, ""560"": 3, ""562"": 3, ""840"": 3, ""65"": 3, ""854"": 3, ""62"": 3, ""860"": 3, ""807"": 3, ""826"": 3, ""564"": 2, ""555"": 2, ""841"": 2, ""60"": 2, ""57"": 2, ""46"": 2, ""24"": 2, ""861"": 2, ""862"": 2, ""66"": 2, ""47"": 1, ""843"": 1, ""844"": 1, ""42"": 1, ""43"": 1, ""54"": 1, ""61"": 1, ""856"": 1, ""859"": 1, ""59"": 1, ""41"": 1, ""869"": 1, ""865"": 1, ""866"": 1, ""48"": 1, ""13"": 1, ""8"": 1, ""23"": 1, ""17"": 1, ""18"": 1, ""51"": 1}"
V0008,Create Fine>Send Fine>Insert Fine Notification>Insert Date Appeal to Prefecture>Add penalty>Send Appeal to Prefecture,6,2497,0.016605705925384,N94802,36266242.85142171,17452800.0,5184000.0,377740800.0,Send Appeal to Prefecture,{},"{""49"": 143, ""538"": 92, ""537"": 89, ""559"": 89, ""557"": 86, ""53"": 86, ""541"": 84, ""40"": 77, ""29"": 76, ""550"": 73, ""11"": 66, ""561"": 52, ""39"": 52, ""558"": 47, ""28"": 46, ""30"": 45, ""56"": 42, ""536"": 38, ""9"": 38, ""45"": 37, ""50"": 36, ""63"": 33, ""26"": 31, ""847"": 31, ""852"": 31, ""31"": 29, ""560"": 27, ""44"": 27, ""37"": 27, ""851"": 27, ""57"": 25, ""546"": 25, ""58"": 24, ""563"": 23, ""849"": 23, ""564"": 20, ""840"": 20, ""848"": 20, ""846"": 20, ""36"": 19, ""47"": 18, ""552"": 18, ""52"": 18, ""857"": 18, ""35"": 17, ""42"": 17, ""562"": 16, ""823"": 16, ""41"": 16, ""844"": 16, ""854"": 16, ""842"": 15, ""556"": 14, ""850"": 14, ""65"": 14, ""16"": 13, ""62"": 13, ""858"": 13, ""824"": 12, ""59"": 12, ""34"": 11, ""21"": 11, ""25"": 11, ""46"": 10, ""555"": 10, ""841"": 10, ""48"": 10, ""861"": 10, ""20"": 9, ""860"": 9, ""868"": 9, ""54"": 8, ""820"": 8, ""704"": 7, ""855"": 7, ""831"": 7, ""548"": 6, ""551"": 6, ""60"": 6, ""856"": 6, ""566"": 5, ""867"": 5, ""866"": 5, ""32"": 5, ""817"": 5, ""843"": 4, ""24"": 4, ""859"": 4, ""826"": 4, ""816"": 4, ""829"": 4, ""837"": 4, ""565"": 3, ""23"": 3, ""540"": 3, ""554"": 3, ""845"": 3, ""43"": 3, ""839"": 3, ""862"": 3, ""22"": 3, ""810"": 3, ""830"": 3, ""827"": 3, ""832"": 3, ""833"": 3, ""55"": 3, ""567"": 2, ""553"": 2, ""61"": 2, ""38"": 2, ""66"": 2, ""865"": 2, ""864"": 2, ""819"": 2, ""808"": 2, ""811"": 2, ""802"": 2, ""821"": 2, ""15"": 2, ""10"": 2, ""568"": 1, ""12"": 1, ""13"": 1, ""853"": 1, ""64"": 1, ""869"": 1, ""17"": 1, ""18"": 1, ""813"": 1, ""27"": 1, ""807"": 1, ""818"": 1, ""835"": 1, ""836"": 1, ""825"": 1, ""828"": 1, ""838"": 1, ""834"": 1}"
V0009,Create Fine>Send Fine>Insert Fine Notification>Add penalty>Payment>Send for Credit Collection,6,1515,0.0100751479683447,S57432,58289847.92079208,53744400.0,32742000.0,131155200.0,Send for Credit Collection,{},"{""538"": 104, ""550"": 87, ""29"": 63, ""537"": 60, ""536"": 60, ""541"": 58, ""559"": 55, ""557"": 43, ""49"": 37, ""558"": 32, ""53"": 31, ""11"": 29, ""40"": 28, ""561"": 26, ""30"": 24, ""851"": 20, ""852"": 20, ""820"": 20, ""35"": 19, ""831"": 19, ""28"": 17, ""546"": 17, ""548"": 17, ""31"": 15, ""57"": 15, ""839"": 14, ""39"": 14, ""25"": 13, ""823"": 13, ""858"": 13, ""9"": 12, ""45"": 12, ""37"": 12, ""56"": 12, ""824"": 12, ""704"": 11, ""552"": 11, ""36"": 11, ""829"": 10, ""540"": 10, ""825"": 10, ""828"": 10, ""562"": 9, ""556"": 9, ""42"": 9, ""44"": 9, ""555"": 9, ""857"": 9, ""816"": 9, ""821"": 9, ""836"": 9, ""565"": 8, ""32"": 8, ""817"": 8, ""34"": 8, ""48"": 8, ""841"": 8, ""50"": 8, ""847"": 8, ""848"": 8, ""850"": 8, ""63"": 8, ""802"": 8, ""564"": 7, ""560"": 7, ""554"": 7, ""41"": 7, ""827"": 7, ""834"": 6, ""46"": 6, ""47"": 6, ""21"": 6, ""855"": 6, ""849"": 6, ""819"": 6, ""833"": 6, ""842"": 5, ""861"": 5, ""58"": 5, ""15"": 5, ""568"": 4, ""54"": 4, ""26"": 4, ""856"": 4, ""846"": 4, ""52"": 4, ""810"": 4, ""830"": 4, ""838"": 4, ""840"": 4, ""566"": 3, ""27"": 3, ""33"": 3, ""844"": 3, ""65"": 3, ""62"": 3, ""854"": 3, ""860"": 3, ""859"": 3, ""22"": 3, ""20"": 3, ""808"": 3, ""811"": 3, ""845"": 3, ""563"": 2, ""567"": 2, ""59"": 2, ""60"": 2, ""813"": 2, ""807"": 2, ""818"": 2, ""832"": 2, ""835"": 2, ""16"": 2, ""55"": 2, ""10"": 2, ""826"": 1, ""66"": 1, ""553"": 1, ""551"": 1, ""853"": 1, ""64"": 1, ""43"": 1, ""61"": 1, ""24"": 1, ""837"": 1, ""843"": 1, ""38"": 1, ""12"": 1}"
V0010,Create Fine>Send Fine>Insert Fine Notification>Payment>Add penalty>Send for Credit Collection,6,522,0.0034714371217663,N42364,54311910.344827585,49899600.0,34128000.0,126316800.0,Send for Credit Collection,{},"{""538"": 48, ""550"": 39, ""536"": 37, ""541"": 23, ""537"": 22, ""558"": 21, ""11"": 20, ""559"": 16, ""561"": 11, ""548"": 11, ""552"": 11, ""30"": 11, ""831"": 10, ""704"": 9, ""557"": 7, ""31"": 7, ""820"": 7, ""546"": 6, ""58"": 6, ""28"": 6, ""37"": 6, ""22"": 6, ""829"": 6, ""834"": 5, ""555"": 5, ""824"": 5, ""35"": 5, ""823"": 5, ""827"": 5, ""816"": 5, ""839"": 5, ""42"": 4, ""840"": 4, ""40"": 4, ""53"": 4, ""12"": 4, ""34"": 4, ""828"": 4, ""29"": 4, ""20"": 4, ""51"": 4, ""556"": 3, ""46"": 3, ""49"": 3, ""44"": 3, ""45"": 3, ""48"": 3, ""16"": 3, ""808"": 3, ""802"": 3, ""810"": 3, ""837"": 3, ""819"": 3, ""26"": 3, ""36"": 3, ""15"": 3, ""21"": 3, ""57"": 3, ""554"": 2, ""553"": 2, ""560"": 2, ""50"": 2, ""47"": 2, ""39"": 2, ""817"": 2, ""833"": 2, ""832"": 2, ""38"": 2, ""54"": 2, ""56"": 2, ""841"": 2, ""25"": 2, ""563"": 1, ""540"": 1, ""842"": 1, ""845"": 1, ""848"": 1, ""852"": 1, ""9"": 1, ""33"": 1, ""811"": 1, ""826"": 1, ""813"": 1, ""32"": 1, ""830"": 1, ""838"": 1, ""821"": 1, ""844"": 1, ""55"": 1}"
V0011,Create Fine>Send Fine>Insert Fine Notification>Add penalty>Insert Date Appeal to Prefecture>Send Appeal to Prefecture,6,443,0.0029460663696216,S184827,39952174.26636569,19530000.0,7776000.0,375062400.0,Send Appeal to Prefecture,{},"{""29"": 21, ""538"": 17, ""49"": 17, ""550"": 14, ""559"": 14, ""537"": 14, ""11"": 14, ""557"": 12, ""558"": 12, ""541"": 12, ""561"": 12, ""28"": 12, ""9"": 10, ""40"": 10, ""30"": 10, ""536"": 9, ""53"": 8, ""50"": 7, ""26"": 7, ""57"": 6, ""44"": 6, ""36"": 6, ""46"": 5, ""847"": 5, ""560"": 4, ""565"": 4, ""20"": 4, ""546"": 4, ""39"": 4, ""56"": 4, ""857"": 4, ""858"": 4, ""849"": 4, ""563"": 3, ""556"": 3, ""562"": 3, ""821"": 3, ""52"": 3, ""59"": 3, ""548"": 3, ""551"": 3, ""42"": 3, ""45"": 3, ""31"": 3, ""823"": 3, ""16"": 3, ""852"": 3, ""846"": 3, ""861"": 3, ""868"": 3, ""34"": 3, ""839"": 3, ""828"": 3, ""25"": 3, ""837"": 2, ""825"": 2, ""21"": 2, ""37"": 2, ""552"": 2, ""564"": 2, ""48"": 2, ""845"": 2, ""850"": 2, ""41"": 2, ""848"": 2, ""63"": 2, ""851"": 2, ""854"": 2, ""862"": 2, ""867"": 2, ""810"": 2, ""811"": 2, ""802"": 2, ""829"": 2, ""830"": 2, ""843"": 2, ""841"": 2, ""27"": 2, ""35"": 2, ""566"": 1, ""840"": 1, ""55"": 1, ""844"": 1, ""23"": 1, ""43"": 1, ""47"": 1, ""853"": 1, ""855"": 1, ""60"": 1, ""859"": 1, ""860"": 1, ""65"": 1, ""869"": 1, ""865"": 1, ""866"": 1, ""17"": 1, ""32"": 1, ""33"": 1, ""808"": 1, ""813"": 1, ""704"": 1, ""817"": 1, ""824"": 1, ""816"": 1, ""838"": 1, ""832"": 1, ""827"": 1, ""10"": 1, ""38"": 1, ""58"": 1, ""22"": 1, ""820"": 1, ""833"": 1}"
V0012,Create Fine>Payment>Send Fine,3,362,0.0024073950921061,S72443,5545859.6685082875,4924800.0,777600.0,31622400.0,Send Fine,{},"{""538"": 40, ""536"": 32, ""550"": 30, ""537"": 23, ""548"": 17, ""831"": 15, ""541"": 12, ""829"": 10, ""828"": 9, ""823"": 9, ""30"": 8, ""35"": 6, ""825"": 6, ""839"": 6, ""810"": 6, ""559"": 5, ""27"": 5, ""49"": 5, ""11"": 5, ""824"": 5, ""837"": 5, ""838"": 4, ""821"": 4, ""540"": 4, ""28"": 4, ""802"": 4, ""31"": 3, ""26"": 3, ""834"": 3, ""832"": 3, ""820"": 3, ""833"": 3, ""811"": 2, ""34"": 2, ""546"": 2, ""9"": 2, ""45"": 2, ""40"": 2, ""20"": 2, ""56"": 2, ""847"": 2, ""44"": 2, ""12"": 2, ""33"": 2, ""808"": 2, ""816"": 2, ""835"": 2, ""836"": 2, ""29"": 2, ""827"": 2, ""562"": 1, ""561"": 1, ""557"": 1, ""565"": 1, ""566"": 1, ""25"": 1, ""39"": 1, ""564"": 1, ""53"": 1, ""59"": 1, ""856"": 1, ""850"": 1, ""858"": 1, ""849"": 1, ""8"": 1, ""17"": 1, ""22"": 1, ""36"": 1, ""704"": 1, ""32"": 1, ""813"": 1, ""819"": 1, ""830"": 1, ""43"": 1, ""15"": 1, ""37"": 1, ""840"": 1, ""841"": 1, ""843"": 1}"
V0013,Create Fine>Send Fine>Insert Fine Notification>Insert Date Appeal to Prefecture>Add penalty>Send Appeal to Prefecture>Receive Result Appeal from Prefecture>Notify Result Appeal to Offender>Payment,9,139,0.0009243865132672,S95270,30608909.352517985,27993600.0,13395600.0,112060800.0,Payment,{},"{""49"": 11, ""558"": 10, ""541"": 9, ""559"": 6, ""537"": 5, ""550"": 5, ""563"": 4, ""561"": 4, ""40"": 4, ""538"": 4, ""536"": 4, ""557"": 4, ""53"": 4, ""26"": 4, ""560"": 3, ""52"": 3, ""29"": 3, ""562"": 2, ""30"": 2, ""556"": 2, ""840"": 2, ""37"": 2, ""856"": 2, ""847"": 2, ""852"": 2, ""60"": 2, ""28"": 2, ""851"": 2, ""45"": 2, ""59"": 2, ""15"": 2, ""12"": 2, ""564"": 1, ""555"": 1, ""843"": 1, ""824"": 1, ""31"": 1, ""44"": 1, ""48"": 1, ""846"": 1, ""24"": 1, ""848"": 1, ""854"": 1, ""62"": 1, ""858"": 1, ""849"": 1, ""56"": 1, ""868"": 1, ""831"": 1, ""11"": 1, ""839"": 1, ""836"": 1, ""21"": 1, ""34"": 1}"
V0014,Create Fine>Send Fine>Insert Fine Notification>Appeal to Judge>Add penalty>Payment,6,135,0.0008977854625257,S145949,55173786.666666664,55558800.0,17370000.0,130554000.0,Payment,{},"{""0"": 135, ""29"": 13, ""28"": 10, ""11"": 8, ""49"": 6, ""561"": 5, ""31"": 5, ""39"": 5, ""556"": 4, ""53"": 4, ""852"": 4, ""557"": 3, ""541"": 3, ""558"": 3, ""559"": 3, ""550"": 3, ""538"": 3, ""50"": 3, ""22"": 3, ""564"": 2, ""21"": 2, ""57"": 2, ""546"": 2, ""536"": 2, ""552"": 2, ""37"": 2, ""52"": 2, ""847"": 2, ""25"": 2, ""30"": 2, ""839"": 2, ""562"": 1, ""566"": 1, ""565"": 1, ""46"": 1, ""537"": 1, ""560"": 1, ""842"": 1, ""43"": 1, ""854"": 1, ""857"": 1, ""848"": 1, ""851"": 1, ""846"": 1, ""62"": 1, ""849"": 1, ""823"": 1, ""42"": 1, ""58"": 1, ""47"": 1, ""704"": 1, ""35"": 1, ""840"": 1, ""850"": 1}"
V0015,Create Fine>Send Fine>Insert Date Appeal to Prefecture>Send Appeal to Prefecture,4,126,0.0008379330983573,V8854,18824314.285714287,11750400.0,3456000.0,173322000.0,Send Appeal to Prefecture,{},"{""11"": 9, ""839"": 6, ""29"": 6, ""538"": 5, ""537"": 5, ""557"": 4, ""550"": 4, ""536"": 4, ""30"": 4, ""831"": 4, ""31"": 3, ""54"": 3, ""846"": 3, ""827"": 3, ""810"": 3, ""823"": 3, ""9"": 2, ""41"": 2, ""53"": 2, ""40"": 2, ""44"": 2, ""37"": 2, ""49"": 2, ""50"": 2, ""63"": 2, ""816"": 2, ""824"": 2, ""837"": 2, ""834"": 2, ""832"": 2, ""562"": 1, ""561"": 1, ""567"": 1, ""541"": 1, ""546"": 1, ""560"": 1, ""844"": 1, ""854"": 1, ""20"": 1, ""848"": 1, ""851"": 1, ""849"": 1, ""855"": 1, ""865"": 1, ""867"": 1, ""868"": 1, ""862"": 1, ""45"": 1, ""34"": 1, ""835"": 1, ""830"": 1, ""28"": 1, ""833"": 1, ""819"": 1, ""821"": 1, ""838"": 1, ""829"": 1, ""820"": 1, ""22"": 1}"
V0016,Create Fine>Send Fine>Insert Fine Notification>Insert Date Appeal to Prefecture>Send Appeal to Prefecture>Add penalty>Receive Result Appeal from Prefecture>Notify Result Appeal to Offender>Payment,9,114,0.0007581299461328,S138847,25956252.63157895,24193800.0,12438000.0,67482000.0,Payment,{},"{""550"": 7, ""541"": 7, ""537"": 7, ""538"": 7, ""29"": 7, ""559"": 5, ""30"": 5, ""557"": 4, ""536"": 4, ""45"": 3, ""10"": 3, ""548"": 2, ""11"": 2, ""58"": 2, ""56"": 2, ""821"": 2, ""831"": 2, ""36"": 2, ""50"": 2, ""839"": 2, ""704"": 2, ""560"": 1, ""562"": 1, ""567"": 1, ""546"": 1, ""540"": 1, ""554"": 1, ""556"": 1, ""558"": 1, ""551"": 1, ""12"": 1, ""53"": 1, ""39"": 1, ""855"": 1, ""24"": 1, ""850"": 1, ""49"": 1, ""21"": 1, ""16"": 1, ""40"": 1, ""848"": 1, ""9"": 1, ""31"": 1, ""32"": 1, ""811"": 1, ""816"": 1, ""824"": 1, ""830"": 1, ""825"": 1, ""837"": 1, ""810"": 1, ""829"": 1, ""41"": 1, ""44"": 1, ""26"": 1, ""820"": 1}"
V0017,Create Fine>Send Fine>Insert Fine Notification>Appeal to Judge>Add penalty>Send for Credit Collection,6,108,0.0007182283700206,C21568,90716466.66666667,91711800.0,38098800.0,153360000.0,Send for Credit Collection,{},"{""0"": 108, ""49"": 15, ""29"": 15, ""40"": 6, ""36"": 6, ""58"": 5, ""807"": 4, ""11"": 4, ""30"": 4, ""550"": 4, ""559"": 3, ""541"": 3, ""50"": 3, ""558"": 2, ""563"": 2, ""557"": 2, ""537"": 2, ""538"": 2, ""57"": 2, ""28"": 2, ""53"": 2, ""560"": 1, ""561"": 1, ""55"": 1, ""56"": 1, ""536"": 1, ""551"": 1, ""556"": 1, ""555"": 1, ""9"": 1, ""42"": 1, ""52"": 1, ""54"": 1, ""849"": 1, ""851"": 1, ""63"": 1, ""23"": 1, ""37"": 1, ""10"": 1, ""22"": 1, ""39"": 1}"
V0018,Create Fine>Payment>Send Fine>Insert Fine Notification>Add penalty>Payment,6,89,0.0005918733789984,S86080,24428103.370786518,19267200.0,10544400.0,74649600.0,Payment,"{""Payment"": 89}","{""550"": 8, ""561"": 5, ""538"": 5, ""537"": 5, ""536"": 3, ""20"": 3, ""541"": 2, ""40"": 2, ""560"": 2, ""559"": 2, ""823"": 2, ""53"": 2, ""26"": 2, ""11"": 2, ""16"": 2, ""817"": 2, ""819"": 2, ""824"": 2, ""831"": 2, ""810"": 2, ""22"": 2, ""12"": 2, ""558"": 1, ""565"": 1, ""567"": 1, ""557"": 1, ""563"": 1, ""842"": 1, ""50"": 1, ""29"": 1, ""846"": 1, ""847"": 1, ""62"": 1, ""27"": 1, ""827"": 1, ""28"": 1, ""836"": 1, ""835"": 1, ""821"": 1, ""704"": 1, ""37"": 1, ""30"": 1, ""44"": 1, ""45"": 1, ""54"": 1, ""820"": 1, ""31"": 1, ""9"": 1, ""843"": 1, ""47"": 1}"
V0019,Create Fine>Send Fine>Insert Fine Notification>Insert Date Appeal to Prefecture>Add penalty>Send Appeal to Prefecture>Receive Result Appeal from Prefecture>Notify Result Appeal to Offender>Send for Credit Collection,9,88,0.000585223116313,N43876,76703113.63636364,76597200.0,44154000.0,131673600.0,Send for Credit Collection,{},"{""550"": 7, ""29"": 7, ""538"": 6, ""536"": 6, ""557"": 3, ""28"": 3, ""45"": 3, ""40"": 3, ""30"": 3, ""537"": 2, ""44"": 2, ""559"": 2, ""47"": 2, ""49"": 2, ""53"": 2, ""847"": 2, ""860"": 2, ""32"": 2, ""11"": 2, ""561"": 1, ""564"": 1, ""560"": 1, ""566"": 1, ""565"": 1, ""567"": 1, ""568"": 1, ""540"": 1, ""558"": 1, ""46"": 1, ""844"": 1, ""20"": 1, ""50"": 1, ""855"": 1, ""856"": 1, ""852"": 1, ""854"": 1, ""857"": 1, ""34"": 1, ""25"": 1, ""828"": 1, ""802"": 1, ""831"": 1, ""51"": 1, ""54"": 1, ""16"": 1, ""832"": 1}"
V0020,Create Fine>Send Fine>Insert Fine Notification>Insert Date Appeal to Prefecture>Send Appeal to Prefecture>Add penalty>Receive Result Appeal from Prefecture>Notify Result Appeal to Offender>Send for Credit Collection,9,81,0.0005386712775154,S52805,67112400.0,61776000.0,40086000.0,116038800.0,Send for Credit Collection,{},"{""29"": 13, ""538"": 7, ""550"": 5, ""541"": 5, ""558"": 4, ""11"": 3, ""31"": 3, ""25"": 3, ""28"": 3, ""30"": 3, ""40"": 2, ""548"": 2, ""536"": 2, ""546"": 2, ""52"": 2, ""560"": 1, ""537"": 1, ""557"": 1, ""566"": 1, ""564"": 1, ""57"": 1, ""847"": 1, ""855"": 1, ""556"": 1, ""552"": 1, ""39"": 1, ""852"": 1, ""704"": 1, ""821"": 1, ""823"": 1, ""810"": 1, ""46"": 1, ""840"": 1, ""55"": 1, ""839"": 1, ""37"": 1, ""36"": 1}"
V0021,Create Fine>Send Fine>Insert Fine Notification>Add penalty>Payment>Payment>Payment,7,69,0.0004588681252909,N41789,47845669.56521739,48211200.0,12438000.0,86140800.0,Payment,"{""Payment"": 69}","{""53"": 8, ""559"": 4, ""538"": 4, ""558"": 3, ""11"": 3, ""557"": 2, ""541"": 2, ""562"": 2, ""23"": 2, ""552"": 2, ""41"": 2, ""851"": 2, ""49"": 2, ""29"": 2, ""65"": 2, ""566"": 1, ""561"": 1, ""30"": 1, ""57"": 1, ""59"": 1, ""550"": 1, ""37"": 1, ""58"": 1, ""45"": 1, ""21"": 1, ""39"": 1, ""40"": 1, ""50"": 1, ""20"": 1, ""52"": 1, ""48"": 1, ""63"": 1, ""852"": 1, ""858"": 1, ""850"": 1, ""847"": 1, ""849"": 1, ""854"": 1, ""837"": 1, ""44"": 1, ""31"": 1, ""55"": 1}"
V0022,Create Fine>Send Fine>Insert Fine Notification>Add penalty>Insert Date Appeal to Prefecture>Send Appeal to Prefecture>Receive Result Appeal from Prefecture>Notify Result Appeal to Offender>Payment,9,61,0.0004056660238079,N98750,40764511.475409836,33091200.0,20649600.0,84243600.0,Payment,{},"{""561"": 4, ""541"": 4, ""557"": 4, ""49"": 3, ""559"": 2, ""550"": 2, ""537"": 2, ""45"": 2, ""29"": 2, ""28"": 2, ""42"": 2, ""564"": 1, ""563"": 1, ""46"": 1, ""538"": 1, ""548"": 1, ""546"": 1, ""536"": 1, ""556"": 1, ""558"": 1, ""53"": 1, ""10"": 1, ""30"": 1, ""855"": 1, ""850"": 1, ""63"": 1, ""61"": 1, ""846"": 1, ""858"": 1, ""849"": 1, ""58"": 1, ""36"": 1, ""829"": 1, ""836"": 1, ""831"": 1, ""839"": 1, ""37"": 1, ""823"": 1, ""845"": 1, ""56"": 1, ""55"": 1, ""31"": 1, ""34"": 1}"
V0023,Create Fine>Payment>Send Fine>Payment,4,58,0.0003857152357518,N43873,8662593.103448275,7561800.0,3369600.0,21164400.0,Payment,"{""Payment"": 58}","{""538"": 5, ""550"": 4, ""548"": 3, ""536"": 3, ""833"": 3, ""831"": 3, ""557"": 2, ""559"": 2, ""561"": 2, ""541"": 2, ""819"": 2, ""30"": 2, ""824"": 2, ""820"": 2, ""560"": 1, ""26"": 1, ""825"": 1, ""563"": 1, ""546"": 1, ""537"": 1, ""540"": 1, ""53"": 1, ""857"": 1, ""40"": 1, ""45"": 1, ""35"": 1, ""817"": 1, ""11"": 1, ""816"": 1, ""823"": 1, ""829"": 1, ""834"": 1, ""827"": 1, ""802"": 1, ""828"": 1}"
V0024,Create Fine>Send Fine>Payment>Insert Fine Notification>Add penalty>Payment,6,56,0.000372414710381,N32408,20088835.714285713,17802000.0,11494800.0,49503600.0,Payment,"{""Payment"": 56}","{""550"": 6, ""536"": 4, ""538"": 3, ""704"": 3, ""11"": 3, ""827"": 3, ""541"": 2, ""548"": 2, ""30"": 2, ""28"": 2, ""802"": 2, ""31"": 2, ""835"": 2, ""820"": 2, ""540"": 1, ""537"": 1, ""546"": 1, ""554"": 1, ""555"": 1, ""557"": 1, ""53"": 1, ""47"": 1, ""8"": 1, ""22"": 1, ""32"": 1, ""36"": 1, ""16"": 1, ""832"": 1, ""831"": 1, ""834"": 1, ""21"": 1, ""45"": 1}"
V0025,Create Fine>Send Fine>Insert Fine Notification>Add penalty>Insert Date Appeal to Prefecture>Send Appeal to Prefecture>Receive Result Appeal from Prefecture>Notify Result Appeal to Offender>Send for Credit Collection,9,49,0.0003258628715834,C19668,76229118.36734694,74044800.0,48387600.0,114998400.0,Send for Credit Collection,{},"{""29"": 5, ""559"": 4, ""561"": 3, ""541"": 3, ""46"": 3, ""538"": 2, ""40"": 2, ""11"": 2, ""858"": 2, ""45"": 2, ""537"": 1, ""566"": 1, ""560"": 1, ""829"": 1, ""48"": 1, ""43"": 1, ""558"": 1, ""12"": 1, ""30"": 1, ""57"": 1, ""52"": 1, ""41"": 1, ""59"": 1, ""53"": 1, ""831"": 1, ""819"": 1, ""31"": 1, ""842"": 1, ""22"": 1, ""56"": 1, ""810"": 1}"
V0026,Create Fine>Payment>Send Fine>Insert Fine Notification>Add penalty>Send for Credit Collection,6,45,0.0002992618208419,S169352,61676960.0,58492800.0,35766000.0,91238400.0,Send for Credit Collection,{},"{""537"": 4, ""538"": 4, ""541"": 3, ""561"": 3, ""557"": 2, ""558"": 2, ""550"": 2, ""49"": 2, ""11"": 2, ""37"": 2, ""559"": 1, ""548"": 1, ""57"": 1, ""54"": 1, ""852"": 1, ""44"": 1, ""40"": 1, ""850"": 1, ""857"": 1, ""12"": 1, ""29"": 1, ""823"": 1, ""831"": 1, ""22"": 1, ""38"": 1, ""35"": 1, ""842"": 1, ""10"": 1, ""41"": 1}"
V0027,Create Fine>Send Fine>Insert Fine Notification>Insert Date Appeal to Prefecture>Add penalty>Send Appeal to Prefecture>Receive Result Appeal from Prefecture>Notify Result Appeal to Offender>Appeal to Judge,9,42,0.0002793110327857,A8866,28246200.0,27302400.0,14425200.0,49762800.0,Appeal to Judge,{},"{""0"": 42, ""541"": 6, ""557"": 3, ""559"": 3, ""30"": 3, ""538"": 2, ""550"": 2, ""50"": 2, ""56"": 2, ""852"": 2, ""564"": 1, ""536"": 1, ""29"": 1, ""824"": 1, ""9"": 1, ""844"": 1, ""57"": 1, ""858"": 1, ""850"": 1, ""53"": 1, ""37"": 1, ""839"": 1, ""704"": 1, ""38"": 1, ""11"": 1, ""36"": 1, ""25"": 1}"
V0028,Create Fine>Send Fine>Payment>Payment,4,34,0.0002261089313027,S57548,16002529.411764706,11017800.0,4838400.0,105926400.0,Payment,"{""Payment"": 34}","{""28"": 3, ""537"": 2, ""538"": 2, ""557"": 2, ""30"": 2, ""827"": 2, ""29"": 2, ""11"": 2, ""558"": 1, ""560"": 1, ""550"": 1, ""546"": 1, ""536"": 1, ""561"": 1, ""40"": 1, ""49"": 1, ""22"": 1, ""811"": 1, ""27"": 1, ""813"": 1, ""25"": 1, ""838"": 1, ""837"": 1, ""829"": 1, ""31"": 1}"
V0029,Create Fine>Send Fine>Insert Fine Notification>Add penalty>Appeal to Judge,5,32,0.000212808405932,N71109,17524350.0,16977600.0,6483600.0,44924400.0,Appeal to Judge,{},"{""0"": 32, ""559"": 3, ""538"": 3, ""53"": 3, ""550"": 2, ""50"": 2, ""49"": 2, ""29"": 2, ""563"": 1, ""557"": 1, ""46"": 1, ""10"": 1, ""40"": 1, ""30"": 1, ""555"": 1, ""546"": 1, ""537"": 1, ""541"": 1, ""42"": 1, ""44"": 1, ""844"": 1, ""31"": 1, ""36"": 1}"
V0030,Create Fine>Send Fine>Insert Fine Notification>Insert Date Appeal to Prefecture>Add penalty>Send Appeal to Prefecture>Receive Result Appeal from Prefecture>Notify Result Appeal to Offender,8,30,0.0001995078805612,S153467,21059160.0,20608200.0,11833200.0,34300800.0,Notify Result Appeal to Offender,{},"{""851"": 3, ""28"": 2, ""59"": 2, ""63"": 2, ""859"": 2, ""558"": 1, ""47"": 1, ""550"": 1, ""541"": 1, ""538"": 1, ""561"": 1, ""845"": 1, ""52"": 1, ""847"": 1, ""11"": 1, ""65"": 1, ""9"": 1, ""58"": 1, ""49"": 1, ""864"": 1, ""848"": 1, ""862"": 1, ""45"": 1, ""50"": 1}"
V0031,Create Fine>Send Fine>Insert Fine Notification>Add penalty>Appeal to Judge>Payment,6,23,0.0001529560417636,A590,66126208.69565217,64972800.0,24973200.0,180226800.0,Payment,{},"{""0"": 23, ""29"": 4, ""541"": 3, ""556"": 2, ""537"": 2, ""30"": 2, ""563"": 1, ""22"": 1, ""550"": 1, ""559"": 1, ""58"": 1, ""50"": 1, ""49"": 1, ""11"": 1, ""36"": 1, ""26"": 1}"
V0032,Create Fine>Send Fine>Insert Fine Notification>Insert Date Appeal to Prefecture>Send Appeal to Prefecture>Add penalty>Receive Result Appeal from Prefecture,7,22,0.0001463057790782,N36160,15536781.818181818,15375600.0,5270400.0,25830000.0,Receive Result Appeal from Prefecture,{},"{""537"": 3, ""839"": 3, ""538"": 2, ""550"": 2, ""40"": 2, ""56"": 1, ""848"": 1, ""30"": 1, ""540"": 1, ""536"": 1, ""552"": 1, ""557"": 1, ""47"": 1, ""53"": 1, ""46"": 1}"
V0033,Create Fine>Send Fine>Insert Fine Notification>Insert Date Appeal to Prefecture>Add penalty>Send Appeal to Prefecture>Receive Result Appeal from Prefecture>Notify Result Appeal to Offender>Appeal to Judge>Payment,10,20,0.0001330052537075,N95813,55002960.0,50025600.0,22899600.0,132969600.0,Payment,{},"{""0"": 20, ""555"": 2, ""552"": 2, ""29"": 2, ""550"": 1, ""540"": 1, ""546"": 1, ""561"": 1, ""541"": 1, ""559"": 1, ""45"": 1, ""37"": 1, ""46"": 1, ""849"": 1, ""847"": 1, ""820"": 1, ""36"": 1, ""11"": 1}"
V0034,Create Fine>Send Fine>Insert Fine Notification>Add penalty>Insert Date Appeal to Prefecture>Send Appeal to Prefecture>Receive Result Appeal from Prefecture>Notify Result Appeal to Offender,8,20,0.0001330052537075,S171550,24460920.0,22593600.0,15721200.0,61344000.0,Notify Result Appeal to Offender,{},"{""848"": 3, ""555"": 2, ""852"": 2, ""560"": 1, ""537"": 1, ""538"": 1, ""50"": 1, ""37"": 1, ""49"": 1, ""858"": 1, ""39"": 1, ""58"": 1, ""862"": 1, ""62"": 1, ""15"": 1, ""29"": 1}"
V0035,Create Fine>Send Fine>Insert Fine Notification>Insert Date Appeal to Prefecture>Send Appeal to Prefecture>Add penalty>Receive Result Appeal from Prefecture>Notify Result Appeal to Offender>Appeal to Judge,9,20,0.0001330052537075,N56091,25541100.0,24926400.0,16938000.0,35510400.0,Appeal to Judge,{},"{""0"": 20, ""29"": 3, ""562"": 2, ""541"": 2, ""537"": 2, ""53"": 2, ""557"": 1, ""538"": 1, ""540"": 1, ""552"": 1, ""11"": 1, ""829"": 1, ""843"": 1, ""57"": 1, ""36"": 1}"
V0036,Create Fine>Send Fine>Insert Fine Notification>Payment>Payment>Add penalty>Payment,7,20,0.0001330052537075,N71385,22853880.0,19137600.0,10976400.0,46141200.0,Payment,"{""Payment"": 20}","{""541"": 5, ""538"": 2, ""550"": 2, ""546"": 2, ""537"": 1, ""555"": 1, ""558"": 1, ""26"": 1, ""20"": 1, ""44"": 1, ""48"": 1, ""46"": 1, ""843"": 1}"
V0037,Create Fine>Send Fine>Insert Fine Notification>Appeal to Judge>Add penalty>Payment>Payment,7,19,0.0001263549910221,N64086,66488968.421052635,75690000.0,18493200.0,109645200.0,Payment,"{""Payment"": 19}","{""0"": 19, ""537"": 2, ""555"": 2, ""50"": 2, ""55"": 1, ""541"": 1, ""557"": 1, ""559"": 1, ""560"": 1, ""57"": 1, ""848"": 1, ""52"": 1, ""28"": 1, ""42"": 1, ""35"": 1, ""36"": 1, ""29"": 1}"
V0038,Create Fine>Send Fine>Insert Fine Notification>Insert Date Appeal to Prefecture>Add penalty>Send Appeal to Prefecture>Receive Result Appeal from Prefecture,7,19,0.0001263549910221,V16483,20695831.57894737,20991600.0,9162000.0,34560000.0,Receive Result Appeal from Prefecture,{},"{""40"": 2, ""847"": 2, ""562"": 1, ""548"": 1, ""536"": 1, ""541"": 1, ""550"": 1, ""48"": 1, ""53"": 1, ""45"": 1, ""850"": 1, ""855"": 1, ""864"": 1, ""862"": 1, ""848"": 1, ""23"": 1, ""31"": 1}"
V0039,Create Fine>Send Fine>Insert Fine Notification>Insert Date Appeal to Prefecture>Send Appeal to Prefecture>Add penalty>Payment,7,17,0.0001130544656513,V9219,36009317.64705882,34560000.0,12013200.0,69897600.0,Payment,{},"{""29"": 4, ""28"": 2, ""30"": 2, ""25"": 2, ""538"": 1, ""45"": 1, ""838"": 1, ""821"": 1, ""839"": 1, ""27"": 1, ""35"": 1}"
V0040,Create Fine>Send Fine>Insert Fine Notification>Add penalty>Appeal to Judge>Send for Credit Collection,6,16,0.000106404202966,A39408,98981100.0,91495800.0,68425200.0,140572800.0,Send for Credit Collection,{},"{""0"": 16, ""29"": 3, ""538"": 2, ""541"": 1, ""557"": 1, ""39"": 1, ""540"": 1, ""45"": 1, ""11"": 1, ""53"": 1, ""850"": 1, ""856"": 1, ""56"": 1, ""30"": 1}"
V0041,Create Fine>Send Fine>Insert Fine Notification>Insert Date Appeal to Prefecture>Send Appeal to Prefecture>Receive Result Appeal from Prefecture>Add penalty>Notify Result Appeal to Offender>Payment,9,15,9.975394028064107e-05,N81255,25252560.0,23155200.0,10364400.0,47257200.0,Payment,{},"{""538"": 3, ""839"": 2, ""558"": 1, ""557"": 1, ""45"": 1, ""31"": 1, ""16"": 1, ""62"": 1, ""831"": 1, ""825"": 1, ""820"": 1, ""28"": 1}"
V0042,Create Fine>Send Fine>Insert Fine Notification>Insert Date Appeal to Prefecture>Add penalty>Send Appeal to Prefecture>Receive Result Appeal from Prefecture>Payment,8,15,9.975394028064107e-05,N77653,26934000.0,28080000.0,16070400.0,36892800.0,Payment,{},"{""541"": 2, ""49"": 2, ""53"": 2, ""537"": 1, ""536"": 1, ""50"": 1, ""59"": 1, ""848"": 1, ""31"": 1, ""810"": 1, ""831"": 1, ""829"": 1}"
V0043,Create Fine>Send Fine>Payment>Insert Fine Notification>Add penalty>Send for Credit Collection,6,14,9.310367759526502e-05,N59703,54711257.14285714,52144200.0,40352400.0,89683200.0,Send for Credit Collection,{},"{""550"": 2, ""820"": 2, ""821"": 1, ""540"": 1, ""558"": 1, ""57"": 1, ""61"": 1, ""63"": 1, ""810"": 1, ""829"": 1, ""823"": 1, ""44"": 1}"
V0044,Create Fine>Send Fine>Insert Fine Notification>Payment>Add penalty>Payment>Payment,7,14,9.310367759526502e-05,S108869,26117228.57142857,23760000.0,15289200.0,51757200.0,Payment,"{""Payment"": 14}","{""540"": 1, ""546"": 1, ""552"": 1, ""538"": 1, ""541"": 1, ""57"": 1, ""49"": 1, ""15"": 1, ""52"": 1, ""37"": 1, ""48"": 1, ""9"": 1, ""45"": 1, ""41"": 1}"
V0045,Create Fine>Send Fine>Insert Fine Notification>Add penalty>Payment>Payment>Payment>Payment,8,13,8.645341490988894e-05,S126633,52812553.84615385,55641600.0,22723200.0,83811600.0,Payment,"{""Payment"": 13}","{""850"": 2, ""41"": 2, ""42"": 1, ""66"": 1, ""61"": 1, ""11"": 1, ""50"": 1, ""65"": 1, ""858"": 1, ""852"": 1, ""29"": 1}"
V0046,Create Fine>Send Fine>Insert Fine Notification>Insert Date Appeal to Prefecture>Send Appeal to Prefecture>Add penalty>Receive Result Appeal from Prefecture>Notify Result Appeal to Offender,8,13,8.645341490988894e-05,S173066,20184923.076923076,18576000.0,12438000.0,30668400.0,Notify Result Appeal to Offender,{},"{""31"": 2, ""550"": 1, ""541"": 1, ""538"": 1, ""560"": 1, ""848"": 1, ""62"": 1, ""48"": 1, ""852"": 1, ""52"": 1, ""29"": 1, ""36"": 1}"
V0047,Create Fine>Send Fine>Insert Fine Notification>Add penalty>Insert Date Appeal to Prefecture>Send Appeal to Prefecture>Receive Result Appeal from Prefecture>Notify Result Appeal to Offender>Appeal to Judge,9,12,7.980315222451287e-05,N57760,28109100.0,26870400.0,19958400.0,41990400.0,Appeal to Judge,{},"{""0"": 12, ""541"": 3, ""559"": 2, ""550"": 1, ""554"": 1, ""44"": 1, ""53"": 1, ""39"": 1, ""847"": 1, ""821"": 1}"
V0048,Create Fine>Payment>Payment,3,12,7.980315222451287e-05,N91237,12615300.0,10020600.0,349200.0,29552400.0,Payment,"{""Payment"": 12}","{""546"": 2, ""564"": 1, ""557"": 1, ""559"": 1, ""537"": 1, ""550"": 1, ""541"": 1, ""58"": 1, ""844"": 1, ""824"": 1, ""29"": 1}"
V0049,Create Fine>Send Fine>Insert Fine Notification>Add penalty>Insert Date Appeal to Prefecture>Receive Result Appeal from Prefecture>Notify Result Appeal to Offender>Payment,8,12,7.980315222451287e-05,S115424,36331800.0,30456000.0,9853200.0,68083200.0,Payment,{},"{""561"": 2, ""49"": 2, ""537"": 1, ""56"": 1, ""541"": 1, ""550"": 1, ""53"": 1, ""39"": 1, ""46"": 1, ""29"": 1}"
V0050,Create Fine>Send Fine>Insert Fine Notification>Insert Date Appeal to Prefecture>Send Appeal to Prefecture>Add penalty>Receive Result Appeal from Prefecture>Payment,8,12,7.980315222451287e-05,N99788,24582000.0,22942800.0,18745200.0,43977600.0,Payment,{},"{""538"": 2, ""536"": 1, ""564"": 1, ""40"": 1, ""802"": 1, ""824"": 1, ""810"": 1, ""30"": 1, ""28"": 1, ""843"": 1, ""22"": 1}"
V0051,Create Fine>Send Fine>Insert Fine Notification>Insert Date Appeal to Prefecture>Send Appeal to Prefecture>Receive Result Appeal from Prefecture>Add penalty>Notify Result Appeal to Offender>Send for Credit Collection,9,11,7.31528895391368e-05,V17289,82043018.18181819,76291200.0,48301200.0,139626000.0,Send for Credit Collection,{},"{""9"": 1, ""537"": 1, ""541"": 1, ""53"": 1, ""839"": 1, ""835"": 1, ""829"": 1, ""810"": 1, ""824"": 1, ""29"": 1, ""28"": 1}"
V0052,Create Fine>Send Fine>Insert Date Appeal to Prefecture>Insert Fine Notification>Add penalty>Send Appeal to Prefecture,6,10,6.650262685376072e-05,A39656,77952600.0,88475400.0,11840400.0,140058000.0,Send Appeal to Prefecture,{},"{""559"": 1, ""541"": 1, ""550"": 1, ""49"": 1, ""56"": 1, ""854"": 1, ""852"": 1, ""856"": 1, ""46"": 1, ""45"": 1}"
V0053,Create Fine>Send Fine>Insert Fine Notification>Insert Date Appeal to Prefecture>Payment>Add penalty>Send Appeal to Prefecture,7,9,5.985236416838465e-05,S113882,15852000.0,15642000.0,11149200.0,21603600.0,Send Appeal to Prefecture,{},"{""560"": 2, ""854"": 2, ""557"": 1, ""541"": 1, ""37"": 1, ""861"": 1, ""36"": 1}"
V0054,Create Fine>Send Fine>Insert Fine Notification>Insert Date Appeal to Prefecture>Add penalty>Payment,6,9,5.985236416838465e-05,N98221,36288800.0,29721600.0,18144000.0,56073600.0,Payment,{},"{""538"": 1, ""561"": 1, ""823"": 1, ""827"": 1, ""821"": 1, ""32"": 1, ""704"": 1, ""29"": 1, ""27"": 1}"
V0055,Create Fine>Insert Date Appeal to Prefecture>Send Fine>Insert Fine Notification>Add penalty>Send Appeal to Prefecture,6,9,5.985236416838465e-05,A7016,131157200.0,159235200.0,16419600.0,195267600.0,Send Appeal to Prefecture,{},"{""550"": 3, ""537"": 1, ""824"": 1, ""39"": 1, ""11"": 1, ""57"": 1, ""49"": 1}"
V0056,Create Fine>Send Fine>Insert Fine Notification>Insert Date Appeal to Prefecture>Send Appeal to Prefecture>Add penalty>Receive Result Appeal from Prefecture>Notify Result Appeal to Offender>Appeal to Judge>Payment,10,9,5.985236416838465e-05,V12074,53962400.0,50634000.0,39830400.0,77155200.0,Payment,{},"{""0"": 9, ""28"": 2, ""29"": 2, ""538"": 1, ""541"": 1, ""810"": 1, ""35"": 1, ""704"": 1}"
V0057,Create Fine>Send Fine>Insert Fine Notification>Insert Date Appeal to Prefecture>Add penalty>Receive Result Appeal from Prefecture>Notify Result Appeal to Offender>Send for Credit Collection>Send Appeal to Prefecture,9,8,5.320210148300858e-05,S112474,167575950.0,167619600.0,159840000.0,173235600.0,Send Appeal to Prefecture,{},"{""557"": 1, ""550"": 1, ""56"": 1, ""824"": 1, ""844"": 1, ""49"": 1, ""53"": 1, ""11"": 1}"
V0058,Create Fine>Send Fine>Insert Fine Notification>Add penalty>Insert Date Appeal to Prefecture>Send Appeal to Prefecture>Receive Result Appeal from Prefecture,7,8,5.320210148300858e-05,A35349,26892000.0,26998200.0,19526400.0,36288000.0,Receive Result Appeal from Prefecture,{},"{""541"": 1, ""552"": 1, ""558"": 1, ""850"": 1, ""852"": 1, ""31"": 1, ""827"": 1, ""29"": 1}"
V0059,Create Fine>Send Fine>Insert Fine Notification>Add penalty>Insert Date Appeal to Prefecture>Receive Result Appeal from Prefecture>Notify Result Appeal to Offender>Send for Credit Collection>Send Appeal to Prefecture,9,7,4.655183879763251e-05,A24549,141845657.14285713,121046400.0,118281600.0,177123600.0,Send Appeal to Prefecture,{},"{""538"": 2, ""558"": 1, ""537"": 1, ""557"": 1, ""536"": 1, ""45"": 1}"
V0060,Create Fine>Payment>Send Fine>Insert Fine Notification>Payment>Add penalty>Payment,7,7,4.655183879763251e-05,S88879,23477657.14285714,21427200.0,10976400.0,40435200.0,Payment,"{""Payment"": 7}","{""548"": 1, ""536"": 1, ""9"": 1, ""51"": 1, ""824"": 1, ""28"": 1, ""40"": 1}"
V0061,Create Fine>Send Fine>Insert Fine Notification>Insert Date Appeal to Prefecture>Send Appeal to Prefecture>Add penalty>Payment>Payment,8,7,4.655183879763251e-05,V8782,29413542.85714286,31881600.0,16765200.0,37414800.0,Payment,"{""Payment"": 7}","{""11"": 2, ""536"": 1, ""557"": 1, ""848"": 1, ""15"": 1, ""30"": 1}"
V0062,Create Fine>Send Fine>Insert Fine Notification>Insert Date Appeal to Prefecture>Add penalty>Send Appeal to Prefecture>Payment,7,7,4.655183879763251e-05,S160144,33189942.85714286,25833600.0,14950800.0,75862800.0,Payment,{},"{""536"": 1, ""550"": 1, ""26"": 1, ""857"": 1, ""851"": 1, ""23"": 1, ""29"": 1}"
V0063,Create Fine>Send Fine>Appeal to Judge,3,7,4.655183879763251e-05,V16643,12414857.142857144,12438000.0,9158400.0,15642000.0,Appeal to Judge,{},"{""0"": 7, ""49"": 1, ""824"": 1, ""53"": 1, ""40"": 1, ""52"": 1, ""31"": 1, ""832"": 1}"
V0064,Create Fine>Send Fine>Insert Fine Notification>Add penalty>Receive Result Appeal from Prefecture>Notify Result Appeal to Offender>Payment,7,6,3.9901576112256435e-05,A15064,31191000.0,32227200.0,10969200.0,47606400.0,Payment,{},"{""564"": 1, ""27"": 1, ""45"": 1, ""562"": 1, ""39"": 1, ""40"": 1}"
V0065,Create Fine>Send Fine>Insert Fine Notification>Insert Date Appeal to Prefecture>Send Appeal to Prefecture>Receive Result Appeal from Prefecture>Notify Result Appeal to Offender>Add penalty>Payment,9,6,3.9901576112256435e-05,A15866,24753600.0,24453000.0,10969200.0,41043600.0,Payment,{},"{""537"": 1, ""558"": 1, ""538"": 1, ""63"": 1, ""52"": 1, ""49"": 1}"
V0066,Create Fine>Send Fine>Insert Fine Notification>Insert Date Appeal to Prefecture>Add penalty>Receive Result Appeal from Prefecture>Send Appeal to Prefecture,7,6,3.9901576112256435e-05,S116185,96899400.0,101867400.0,14425200.0,173149200.0,Send Appeal to Prefecture,{},"{""49"": 2, ""550"": 1, ""548"": 1, ""831"": 1, ""29"": 1}"
V0067,Create Fine>Send Fine>Insert Fine Notification>Payment>Payment>Add penalty>Send for Credit Collection,7,6,3.9901576112256435e-05,N72044,55917000.0,56248200.0,46054800.0,63244800.0,Send for Credit Collection,"{""Payment"": 6}","{""550"": 1, ""555"": 1, ""559"": 1, ""557"": 1, ""831"": 1, ""36"": 1}"
V0068,Create Fine>Send Fine>Insert Fine Notification>Insert Date Appeal to Prefecture>Add penalty>Send Appeal to Prefecture>Receive Result Appeal from Prefecture>Notify Result Appeal to Offender>Appeal to Judge>Send for Credit Collection,10,6,3.9901576112256435e-05,S111662,95802000.0,86702400.0,81216000.0,123984000.0,Send for Credit Collection,{},"{""0"": 6, ""541"": 1, ""11"": 1, ""44"": 1, ""52"": 1, ""63"": 1, ""56"": 1}"
V0069,Create Fine>Send Fine>Insert Fine Notification>Insert Date Appeal to Prefecture>Send Appeal to Prefecture>Receive Result Appeal from Prefecture>Add penalty>Notify Result Appeal to Offender>Appeal to Judge,9,6,3.9901576112256435e-05,S43497,21170400.0,22033800.0,16419600.0,23760000.0,Appeal to Judge,{},"{""0"": 6, ""557"": 2, ""11"": 2, ""17"": 1, ""30"": 1}"
V0070,Create Fine>Send Fine>Insert Fine Notification>Insert Date Appeal to Prefecture>Send Appeal to Prefecture>Receive Result Appeal from Prefecture>Add penalty>Notify Result Appeal to Offender,8,6,3.9901576112256435e-05,P5092,16113600.0,17019000.0,10713600.0,20649600.0,Notify Result Appeal to Offender,{},"{""864"": 2, ""550"": 1, ""538"": 1, ""37"": 1, ""846"": 1}"
V0071,Create Fine>Send Fine>Insert Fine Notification>Add penalty>Payment>Payment>Send for Credit Collection,7,5,3.325131342688036e-05,C20986,55295280.0,55209600.0,44496000.0,68252400.0,Send for Credit Collection,"{""Payment"": 5}","{""39"": 1, ""850"": 1, ""41"": 1, ""40"": 1, ""820"": 1}"
V0072,Create Fine>Send Fine>Insert Fine Notification>Add penalty>Payment>Payment>Payment>Payment>Payment>Payment>Payment,11,5,3.325131342688036e-05,V18883,55815840.0,54864000.0,24883200.0,83120400.0,Payment,"{""Payment"": 5}","{""29"": 4, ""46"": 1}"
V0073,Create Fine>Send Fine>Insert Fine Notification>Add penalty>Insert Date Appeal to Prefecture>Send Appeal to Prefecture>Receive Result Appeal from Prefecture>Notify Result Appeal to Offender>Payment>Payment,10,5,3.325131342688036e-05,N44227,37483200.0,38883600.0,33958800.0,40438800.0,Payment,"{""Payment"": 5}","{""540"": 1, ""536"": 1, ""550"": 1, ""559"": 1, ""25"": 1}"
V0074,Create Fine>Send Fine>Insert Fine Notification>Appeal to Judge>Add penalty>Payment>Send for Credit Collection,7,5,3.325131342688036e-05,S93409,93417120.0,83898000.0,73353600.0,115344000.0,Send for Credit Collection,{},"{""0"": 5, ""559"": 1, ""537"": 1, ""546"": 1, ""63"": 1, ""42"": 1}"
V0075,Create Fine>Send Fine>Insert Fine Notification>Insert Date Appeal to Prefecture>Add penalty>Receive Result Appeal from Prefecture>Notify Result Appeal to Offender>Payment,8,5,3.325131342688036e-05,S112679,27545760.0,31795200.0,15292800.0,41821200.0,Payment,{},"{""541"": 1, ""843"": 1, ""44"": 1, ""56"": 1, ""868"": 1}"
V0076,Create Fine>Send Fine>Insert Fine Notification>Insert Date Appeal to Prefecture>Send Appeal to Prefecture>Receive Result Appeal from Prefecture>Notify Result Appeal to Offender>Add penalty>Send for Credit Collection,9,4,2.660105074150429e-05,A26532,53845200.0,53348400.0,37753200.0,70930800.0,Send for Credit Collection,{},"{""559"": 2, ""537"": 1, ""31"": 1}"
V0077,Create Fine>Insert Date Appeal to Prefecture>Send Appeal to Prefecture>Send Fine,4,4,2.660105074150429e-05,C12875,9028800.0,8294400.0,7862400.0,11664000.0,Send Fine,{},"{""34"": 1, ""834"": 1, ""849"": 1, ""550"": 1}"
V0078,Create Fine>Send Fine>Insert Fine Notification>Add penalty>Payment>Payment>Payment>Payment>Payment,9,4,2.660105074150429e-05,C22164,42876900.0,34086600.0,16930800.0,86403600.0,Payment,"{""Payment"": 4}","{""43"": 1, ""63"": 1, ""848"": 1, ""851"": 1}"
V0079,Create Fine>Send Fine>Insert Fine Notification>Add penalty>Payment>Payment>Payment>Payment>Payment>Payment,10,4,2.660105074150429e-05,S163907,42076800.0,33912000.0,33004800.0,67478400.0,Payment,"{""Payment"": 4}","{""52"": 1, ""11"": 1, ""43"": 1, ""29"": 1}"
V0080,Create Fine>Send Fine>Payment>Insert Fine Notification>Payment>Add penalty>Payment,7,4,2.660105074150429e-05,N82828,15099300.0,14904000.0,13222800.0,17366400.0,Payment,"{""Payment"": 4}","{""538"": 1, ""557"": 1, ""561"": 1, ""829"": 1}"
V0081,Create Fine>Send Fine>Insert Fine Notification>Appeal to Judge>Insert Date Appeal to Prefecture>Send Appeal to Prefecture>Add penalty>Payment,8,4,2.660105074150429e-05,V8784,30498300.0,30283200.0,29116800.0,32310000.0,Payment,{},"{""0"": 4, ""25"": 2, ""548"": 1, ""11"": 1}"
V0082,Create Fine>Send Fine>Insert Fine Notification>Insert Date Appeal to Prefecture>Send Appeal to Prefecture>Add penalty>Receive Result Appeal from Prefecture>Notify Result Appeal to Offender>Appeal to Judge>Send for Credit Collection,10,4,2.660105074150429e-05,N83048,92708100.0,101262600.0,52531200.0,115776000.0,Send for Credit Collection,{},"{""0"": 4, ""560"": 1, ""45"": 1, ""39"": 1, ""29"": 1}"
V0083,Create Fine>Send Fine>Insert Fine Notification>Payment>Add penalty>Insert Date Appeal to Prefecture>Send Appeal to Prefecture,7,4,2.660105074150429e-05,S159026,27044100.0,21774600.0,14511600.0,50115600.0,Send Appeal to Prefecture,{},"{""60"": 1, ""42"": 1, ""864"": 1, ""56"": 1}"
V0084,Create Fine>Send Fine>Insert Fine Notification>Add penalty>Insert Date Appeal to Prefecture>Send Appeal to Prefecture>Receive Result Appeal from Prefecture>Notify Result Appeal to Offender>Appeal to Judge>Send for Credit Collection,10,4,2.660105074150429e-05,V17438,121932900.0,115992000.0,107485200.0,148262400.0,Send for Credit Collection,{},"{""0"": 4, ""10"": 1, ""11"": 1, ""36"": 1, ""29"": 1}"
V0085,Create Fine>Send Fine>Insert Date Appeal to Prefecture>Insert Fine Notification>Add penalty>Payment,6,3,1.9950788056128217e-05,A14194,37269600.0,41212800.0,13568400.0,57027600.0,Payment,{},"{""557"": 1, ""857"": 1, ""11"": 1}"
V0086,Create Fine>Send Fine>Insert Fine Notification>Insert Date Appeal to Prefecture>Add penalty>Payment>Send Appeal to Prefecture,7,3,1.9950788056128217e-05,N57754,15526800.0,20048400.0,5878800.0,20653200.0,Send Appeal to Prefecture,{},"{""41"": 1, ""546"": 1, ""554"": 1}"
V0087,Create Fine>Send Fine>Insert Fine Notification>Payment>Add penalty>Payment>Payment>Payment,8,3,1.9950788056128217e-05,S178436,16298400.0,15984000.0,11314800.0,21596400.0,Payment,"{""Payment"": 3}","{""23"": 2, ""41"": 1}"
V0088,Create Fine>Send Fine>Insert Fine Notification>Payment>Add penalty>Payment>Send for Credit Collection,7,3,1.9950788056128217e-05,N26309,61057200.0,55814400.0,38883600.0,88473600.0,Send for Credit Collection,"{""Payment"": 3}","{""541"": 1, ""538"": 1, ""37"": 1}"
V0089,Create Fine>Send Fine>Insert Fine Notification>Insert Date Appeal to Prefecture>Receive Result Appeal from Prefecture>Send Appeal to Prefecture>Add penalty>Notify Result Appeal to Offender>Payment,9,3,1.9950788056128217e-05,N39144,30012000.0,26265600.0,23245200.0,40525200.0,Payment,{},"{""537"": 2, ""29"": 1}"
V0090,Create Fine>Send Fine>Insert Date Appeal to Prefecture>Send Appeal to Prefecture>Payment,5,3,1.9950788056128217e-05,V8944,12499200.0,12700800.0,12006000.0,12790800.0,Payment,{},"{""536"": 1, ""847"": 1, ""11"": 1}"
V0091,Create Fine>Send Fine>Insert Fine Notification>Add penalty>Insert Date Appeal to Prefecture>Send Appeal to Prefecture>Receive Result Appeal from Prefecture>Notify Result Appeal to Offender>Appeal to Judge>Payment,10,3,1.9950788056128217e-05,N40397,91642800.0,87523200.0,73872000.0,113533200.0,Payment,{},"{""0"": 3, ""537"": 1, ""31"": 1, ""29"": 1}"
V0092,Create Fine>Send Fine>Insert Date Appeal to Prefecture>Insert Fine Notification>Send Appeal to Prefecture>Add penalty>Receive Result Appeal from Prefecture>Notify Result Appeal to Offender>Send for Credit Collection,9,3,1.9950788056128217e-05,N63049,81304800.0,77850000.0,76554000.0,89510400.0,Send for Credit Collection,{},"{""550"": 1, ""538"": 1, ""546"": 1}"
V0093,Create Fine>Appeal to Judge>Send Fine,3,3,1.9950788056128217e-05,N68210,12008400.0,11660400.0,4060800.0,20304000.0,Send Fine,{},"{""0"": 3, ""541"": 1, ""30"": 1, ""49"": 1}"
V0094,Create Fine>Send Fine>Insert Fine Notification>Add penalty>Insert Date Appeal to Prefecture>Send Appeal to Prefecture>Receive Result Appeal from Prefecture>Payment,8,3,1.9950788056128217e-05,S85949,29548800.0,30326400.0,27734400.0,30585600.0,Payment,{},"{""536"": 1, ""49"": 1, ""53"": 1}"
V0095,Create Fine>Send Fine>Insert Fine Notification>Insert Date Appeal to Prefecture>Add penalty>Send Appeal to Prefecture>Receive Result Appeal from Prefecture>Notify Result Appeal to Offender>Payment>Payment,10,3,1.9950788056128217e-05,S93920,31363200.0,32572800.0,22723200.0,38793600.0,Payment,"{""Payment"": 3}","{""865"": 1, ""48"": 1, ""28"": 1}"
V0096,Create Fine>Send Fine>Insert Date Appeal to Prefecture>Send Appeal to Prefecture>Appeal to Judge,5,3,1.9950788056128217e-05,V9010,8438400.0,7948800.0,7948800.0,9417600.0,Appeal to Judge,{},"{""0"": 3, ""29"": 2, ""825"": 1}"
V0097,Create Fine>Send Fine>Appeal to Judge>Insert Date Appeal to Prefecture>Send Appeal to Prefecture,5,3,1.9950788056128217e-05,V9002,9302400.0,9331200.0,9158400.0,9417600.0,Send Appeal to Prefecture,{},"{""0"": 3, ""837"": 1, ""11"": 1, ""28"": 1}"
V0098,Create Fine>Send Fine>Insert Fine Notification>Insert Date Appeal to Prefecture>Add penalty>Send Appeal to Prefecture>Receive Result Appeal from Prefecture>Appeal to Judge>Notify Result Appeal to Offender,9,3,1.9950788056128217e-05,S84347,29203200.0,29116800.0,28944000.0,29548800.0,Notify Result Appeal to Offender,{},"{""0"": 3, ""843"": 2, ""11"": 1}"
V0099,Create Fine>Send Fine>Insert Fine Notification>Appeal to Judge>Insert Date Appeal to Prefecture>Send Appeal to Prefecture>Add penalty>Receive Result Appeal from Prefecture>Notify Result Appeal to Offender,9,3,1.9950788056128217e-05,S94546,24193200.0,24192000.0,22636800.0,25750800.0,Notify Result Appeal to Offender,{},"{""0"": 3, ""22"": 1, ""820"": 1, ""35"": 1}"
V0100,Create Fine>Send Fine>Insert Fine Notification>Insert Date Appeal to Prefecture>Send Appeal to Prefecture>Add penalty>Receive Result Appeal from Prefecture>Notify Result Appeal to Offender>Payment>Payment>Payment>Payment>Payment>Payment,14,3,1.9950788056128217e-05,V7972,49651200.0,50112000.0,43372800.0,55468800.0,Payment,"{""Payment"": 3}","{""29"": 2, ""704"": 1}"
V0101,Create Fine>Send Fine>Insert Fine Notification>Add penalty>Insert Date Appeal to Prefecture>Receive Result Appeal from Prefecture>Notify Result Appeal to Offender>Payment>Payment,9,2,1.3300525370752144e-05,A13984,92363400.0,92363400.0,86662800.0,98064000.0,Payment,"{""Payment"": 2}","{""561"": 2}"
V0102,Create Fine>Send Fine>Insert Fine Notification>Insert Date Appeal to Prefecture>Add penalty>Receive Result Appeal from Prefecture>Notify Result Appeal to Offender>Appeal to Judge,8,2,1.3300525370752144e-05,A1582,29678400.0,29678400.0,22118400.0,37238400.0,Appeal to Judge,{},"{""0"": 2, ""561"": 1, ""555"": 1}"
V0103,Create Fine>Send Fine>Insert Fine Notification>Appeal to Judge>Insert Date Appeal to Prefecture>Add penalty>Send Appeal to Prefecture,7,2,1.3300525370752144e-05,A17158,235400400.0,235400400.0,138934800.0,331866000.0,Send Appeal to Prefecture,{},"{""0"": 2, ""557"": 1, ""836"": 1}"
V0104,Create Fine>Send Fine>Insert Fine Notification>Add penalty>Receive Result Appeal from Prefecture>Notify Result Appeal to Offender,6,2,1.3300525370752144e-05,A189,34948800.0,34948800.0,31881600.0,38016000.0,Notify Result Appeal to Offender,{},"{""541"": 1, ""40"": 1}"
V0105,Create Fine>Send Fine>Insert Fine Notification>Add penalty>Receive Result Appeal from Prefecture>Notify Result Appeal to Offender>Appeal to Judge,7,2,1.3300525370752144e-05,C17552,30110400.0,30110400.0,29721600.0,30499200.0,Appeal to Judge,{},"{""0"": 2, ""40"": 1, ""46"": 1}"
V0106,Create Fine>Send Fine>Insert Fine Notification>Add penalty>Receive Result Appeal from Prefecture>Notify Result Appeal to Offender>Send for Credit Collection,7,2,1.3300525370752144e-05,N100056,68171400.0,68171400.0,48733200.0,87609600.0,Send for Credit Collection,{},"{""561"": 1, ""538"": 1}"
V0107,Create Fine>Send Fine>Insert Fine Notification>Add penalty>Insert Date Appeal to Prefecture>Receive Result Appeal from Prefecture>Notify Result Appeal to Offender>Appeal to Judge,8,2,1.3300525370752144e-05,N100576,33350400.0,33350400.0,25574400.0,41126400.0,Appeal to Judge,{},"{""0"": 2, ""564"": 1, ""29"": 1}"
V0108,Create Fine>Send Fine>Insert Fine Notification>Insert Date Appeal to Prefecture>Send Appeal to Prefecture>Receive Result Appeal from Prefecture>Add penalty>Notify Result Appeal to Offender>Payment>Send for Credit Collection,10,2,1.3300525370752144e-05,N35881,76899600.0,76899600.0,76035600.0,77763600.0,Send for Credit Collection,{},"{""538"": 1, ""810"": 1}"
V0109,Create Fine>Send Fine>Insert Fine Notification>Add penalty>Insert Date Appeal to Prefecture>Send Appeal to Prefecture>Payment,7,2,1.3300525370752144e-05,N36533,36590400.0,36590400.0,36115200.0,37065600.0,Payment,{},"{""550"": 1, ""836"": 1}"
V0110,Create Fine>Send Fine>Insert Fine Notification>Add penalty>Insert Date Appeal to Prefecture>Receive Result Appeal from Prefecture>Send Appeal to Prefecture>Notify Result Appeal to Offender>Payment,9,2,1.3300525370752144e-05,N37813,34563600.0,34563600.0,34045200.0,35082000.0,Payment,{},"{""550"": 1, ""25"": 1}"
V0111,Create Fine>Send Fine>Insert Date Appeal to Prefecture>Insert Fine Notification>Send Appeal to Prefecture>Receive Result Appeal from Prefecture>Add penalty>Notify Result Appeal to Offender>Send for Credit Collection,9,2,1.3300525370752144e-05,N41192,58366800.0,58366800.0,46314000.0,70419600.0,Send for Credit Collection,{},"{""541"": 1, ""29"": 1}"
V0112,Create Fine>Send Fine>Insert Fine Notification>Insert Date Appeal to Prefecture>Send Appeal to Prefecture>Add penalty>Receive Result Appeal from Prefecture>Notify Result Appeal to Offender>Payment>Payment,10,2,1.3300525370752144e-05,N42068,32574600.0,32574600.0,22208400.0,42940800.0,Payment,"{""Payment"": 2}","{""536"": 1, ""54"": 1}"
V0113,Create Fine>Send Fine>Insert Date Appeal to Prefecture>Insert Fine Notification>Send Appeal to Prefecture>Add penalty>Receive Result Appeal from Prefecture>Notify Result Appeal to Offender>Payment,9,2,1.3300525370752144e-05,N43645,24364800.0,24364800.0,22291200.0,26438400.0,Payment,{},"{""536"": 1, ""11"": 1}"
V0114,Create Fine>Send Fine>Insert Fine Notification>Insert Date Appeal to Prefecture>Send Appeal to Prefecture>Add penalty>Receive Result Appeal from Prefecture>Payment>Payment,9,2,1.3300525370752144e-05,N46918,22203000.0,22203000.0,22118400.0,22287600.0,Payment,"{""Payment"": 2}","{""538"": 1, ""555"": 1}"
V0115,Create Fine>Send Fine>Insert Fine Notification>Send Appeal to Prefecture>Insert Date Appeal to Prefecture>Add penalty>Receive Result Appeal from Prefecture>Notify Result Appeal to Offender,8,2,1.3300525370752144e-05,P1505,22420800.0,22420800.0,22291200.0,22550400.0,Notify Result Appeal to Offender,{},"{""550"": 1, ""538"": 1}"
V0116,Create Fine>Send Fine>Insert Fine Notification>Add penalty>Insert Date Appeal to Prefecture>Payment,6,2,1.3300525370752144e-05,S105079,59099400.0,59099400.0,46314000.0,71884800.0,Payment,{},"{""820"": 1, ""29"": 1}"
V0117,Create Fine>Send Fine>Insert Fine Notification>Insert Date Appeal to Prefecture>Add penalty>Send Appeal to Prefecture>Receive Result Appeal from Prefecture>Notify Result Appeal to Offender>Appeal to Judge>Payment>Payment,11,2,1.3300525370752144e-05,S108264,58881600.0,58881600.0,58230000.0,59533200.0,Payment,"{""Payment"": 2}","{""0"": 2, ""28"": 1, ""37"": 1}"
V0118,Create Fine>Send Fine>Insert Fine Notification>Insert Date Appeal to Prefecture>Appeal to Judge>Add penalty>Send Appeal to Prefecture,7,2,1.3300525370752144e-05,S134268,14947200.0,14947200.0,13741200.0,16153200.0,Send Appeal to Prefecture,{},"{""0"": 2, ""49"": 1, ""854"": 1}"
V0119,Create Fine>Send Fine>Insert Fine Notification>Insert Date Appeal to Prefecture>Add penalty>Receive Result Appeal from Prefecture>Notify Result Appeal to Offender>Appeal to Judge>Send Appeal to Prefecture,9,2,1.3300525370752144e-05,S136885,82083600.0,82083600.0,81392400.0,82774800.0,Send Appeal to Prefecture,{},"{""0"": 2, ""49"": 1, ""850"": 1}"
V0120,Create Fine>Send Fine>Insert Fine Notification>Insert Date Appeal to Prefecture>Send Appeal to Prefecture>Receive Result Appeal from Prefecture>Notify Result Appeal to Offender>Add penalty>Appeal to Judge,9,2,1.3300525370752144e-05,S138146,17368200.0,17368200.0,16243200.0,18493200.0,Appeal to Judge,{},"{""0"": 2, ""856"": 1, ""36"": 1}"
V0121,Create Fine>Send Fine>Insert Fine Notification>Appeal to Judge>Insert Date Appeal to Prefecture>Send Appeal to Prefecture>Add penalty>Receive Result Appeal from Prefecture>Notify Result Appeal to Offender>Payment,10,2,1.3300525370752144e-05,S141999,80742600.0,80742600.0,54000000.0,107485200.0,Payment,{},"{""0"": 2, ""29"": 1, ""821"": 1}"
V0122,Create Fine>Send Fine>Insert Fine Notification>Add penalty>Appeal to Judge>Payment>Payment>Payment,8,2,1.3300525370752144e-05,S142148,68085000.0,68085000.0,59616000.0,76554000.0,Payment,"{""Payment"": 2}","{""0"": 2, ""850"": 1, ""29"": 1}"
V0123,Create Fine>Send Fine>Insert Fine Notification>Add penalty>Payment>Payment>Payment>Send for Credit Collection,8,2,1.3300525370752144e-05,S144360,61214400.0,61214400.0,45878400.0,76550400.0,Send for Credit Collection,"{""Payment"": 2}","{""29"": 1, ""850"": 1}"
V0124,Create Fine>Payment>Send Fine>Insert Fine Notification>Add penalty>Insert Date Appeal to Prefecture>Send Appeal to Prefecture,7,2,1.3300525370752144e-05,S149373,18918000.0,18918000.0,18831600.0,19004400.0,Send Appeal to Prefecture,{},"{""850"": 2}"
V0125,Create Fine>Insert Date Appeal to Prefecture>Send Fine>Send Appeal to Prefecture,4,2,1.3300525370752144e-05,S163356,9070200.0,9070200.0,7689600.0,10450800.0,Send Appeal to Prefecture,{},"{""29"": 1, ""11"": 1}"
V0126,Create Fine>Send Fine>Insert Fine Notification>Insert Date Appeal to Prefecture>Send Appeal to Prefecture>Payment>Add penalty>Payment,8,2,1.3300525370752144e-05,S37939,14904000.0,14904000.0,10882800.0,18925200.0,Payment,"{""Payment"": 2}","{""9"": 1, ""35"": 1}"
V0127,Create Fine>Send Fine>Insert Fine Notification>Insert Date Appeal to Prefecture>Send Appeal to Prefecture>Receive Result Appeal from Prefecture>Add penalty>Notify Result Appeal to Offender>Payment>Payment,10,2,1.3300525370752144e-05,S66322,25056000.0,25056000.0,24451200.0,25660800.0,Payment,"{""Payment"": 2}","{""836"": 1, ""30"": 1}"
V0128,Create Fine>Send Fine>Insert Fine Notification>Insert Date Appeal to Prefecture>Send Appeal to Prefecture>Receive Result Appeal from Prefecture>Add penalty>Payment,8,2,1.3300525370752144e-05,S68811,24019200.0,24019200.0,22896000.0,25142400.0,Payment,{},"{""802"": 1, ""836"": 1}"
V0129,Create Fine>Send Fine>Insert Fine Notification>Add penalty>Insert Date Appeal to Prefecture>Receive Result Appeal from Prefecture>Notify Result Appeal to Offender>Send Appeal to Prefecture>Send for Credit Collection,9,2,1.3300525370752144e-05,V18308,92446200.0,92446200.0,87955200.0,96937200.0,Send for Credit Collection,{},"{""29"": 2}"
V0130,Create Fine>Send Fine>Insert Fine Notification>Insert Date Appeal to Prefecture>Add penalty>Payment>Payment,7,2,1.3300525370752144e-05,V7190,33393600.0,33393600.0,25920000.0,40867200.0,Payment,"{""Payment"": 2}","{""30"": 1, ""832"": 1}"
V0131,Create Fine>Send Fine>Insert Date Appeal to Prefecture>Insert Fine Notification>Send Appeal to Prefecture>Add penalty>Payment,7,2,1.3300525370752144e-05,V8809,33823800.0,33823800.0,28857600.0,38790000.0,Payment,{},"{""28"": 2}"
V0132,Create Fine>Send Fine>Insert Fine Notification>Add penalty>Insert Date Appeal to Prefecture>Payment>Receive Result Appeal from Prefecture>Payment,8,1,6.650262685376072e-06,A24141,28771200.0,28771200.0,28771200.0,28771200.0,Payment,"{""Payment"": 1}","{""557"": 1}"
V0133,Create Fine>Send Fine>Insert Fine Notification>Add penalty>Notify Result Appeal to Offender>Receive Result Appeal from Prefecture>Send for Credit Collection,7,1,6.650262685376072e-06,A2512,81043200.0,81043200.0,81043200.0,81043200.0,Send for Credit Collection,{},"{""558"": 1}"
V0134,Create Fine>Send Fine>Insert Fine Notification>Insert Date Appeal to Prefecture>Send Appeal to Prefecture>Receive Result Appeal from Prefecture>Add penalty>Notify Result Appeal to Offender>Appeal to Judge>Send for Credit Collection,10,1,6.650262685376072e-06,A29455,118368000.0,118368000.0,118368000.0,118368000.0,Send for Credit Collection,{},"{""538"": 1, ""0"": 1}"
V0135,Create Fine>Send Fine>Insert Date Appeal to Prefecture>Insert Fine Notification>Add penalty>Send Appeal to Prefecture>Receive Result Appeal from Prefecture>Notify Result Appeal to Offender>Send for Credit Collection,9,1,6.650262685376072e-06,A32727,71625600.0,71625600.0,71625600.0,71625600.0,Send for Credit Collection,{},"{""566"": 1}"
V0136,Create Fine>Send Fine>Insert Fine Notification>Receive Result Appeal from Prefecture>Add penalty>Notify Result Appeal to Offender>Payment,7,1,6.650262685376072e-06,A37341,20905200.0,20905200.0,20905200.0,20905200.0,Payment,{},"{""538"": 1}"
V0137,Create Fine>Send Fine>Insert Fine Notification>Insert Date Appeal to Prefecture>Add penalty>Receive Result Appeal from Prefecture>Notify Result Appeal to Offender,7,1,6.650262685376072e-06,A43211,25059600.0,25059600.0,25059600.0,25059600.0,Notify Result Appeal to Offender,{},"{""568"": 1}"
V0138,Create Fine>Send Fine>Insert Fine Notification>Insert Date Appeal to Prefecture>Add penalty>Receive Result Appeal from Prefecture>Notify Result Appeal to Offender>Send Appeal to Prefecture>Send for Credit Collection,9,1,6.650262685376072e-06,A43302,87436800.0,87436800.0,87436800.0,87436800.0,Send for Credit Collection,{},"{""568"": 1}"
V0139,Create Fine>Send Fine>Insert Fine Notification>Insert Date Appeal to Prefecture>Add penalty>Send Appeal to Prefecture>Receive Result Appeal from Prefecture>Appeal to Judge>Notify Result Appeal to Offender>Payment,10,1,6.650262685376072e-06,A44928,41562000.0,41562000.0,41562000.0,41562000.0,Payment,{},"{""567"": 1, ""0"": 1}"
V0140,Create Fine>Send Fine>Insert Fine Notification>Appeal to Judge>Add penalty>Insert Date Appeal to Prefecture>Send Appeal to Prefecture>Payment,8,1,6.650262685376072e-06,A823,42598800.0,42598800.0,42598800.0,42598800.0,Payment,{},"{""541"": 1, ""0"": 1}"
V0141,Create Fine>Send Fine>Insert Fine Notification>Add penalty>Insert Date Appeal to Prefecture>Send Appeal to Prefecture>Payment>Payment>Payment>Payment>Payment>Payment>Payment>Payment>Payment>Payment,16,1,6.650262685376072e-06,C10852,44755200.0,44755200.0,44755200.0,44755200.0,Payment,"{""Payment"": 1}","{""11"": 1}"
V0142,Create Fine>Insert Date Appeal to Prefecture>Send Appeal to Prefecture>Send Fine>Insert Fine Notification>Payment>Add penalty>Payment,8,1,6.650262685376072e-06,C11327,27306000.0,27306000.0,27306000.0,27306000.0,Payment,"{""Payment"": 1}","{""28"": 1}"
V0143,Create Fine>Send Fine>Insert Fine Notification>Insert Date Appeal to Prefecture>Add penalty>Payment>Payment>Payment>Payment>Payment>Payment>Payment>Payment>Payment>Payment,15,1,6.650262685376072e-06,C13062,76291200.0,76291200.0,76291200.0,76291200.0,Payment,"{""Payment"": 1}","{""31"": 1}"
V0144,Create Fine>Send Fine>Insert Fine Notification>Appeal to Judge>Add penalty>Insert Date Appeal to Prefecture>Send Appeal to Prefecture,7,1,6.650262685376072e-06,C13897,5270400.0,5270400.0,5270400.0,5270400.0,Send Appeal to Prefecture,{},"{""26"": 1, ""0"": 1}"
V0145,Create Fine>Send Fine>Insert Fine Notification>Add penalty>Payment>Insert Date Appeal to Prefecture>Send Appeal to Prefecture,7,1,6.650262685376072e-06,C14976,6912000.0,6912000.0,6912000.0,6912000.0,Send Appeal to Prefecture,{},"{""827"": 1}"
V0146,Create Fine>Send Fine>Insert Fine Notification>Insert Date Appeal to Prefecture>Send Appeal to Prefecture>Add penalty>Receive Result Appeal from Prefecture>Notify Result Appeal to Offender>Appeal to Judge>Payment>Payment>Payment,12,1,6.650262685376072e-06,C16950,52099200.0,52099200.0,52099200.0,52099200.0,Payment,"{""Payment"": 1}","{""42"": 1, ""0"": 1}"
V0147,Create Fine>Send Fine>Insert Fine Notification>Appeal to Judge>Add penalty>Payment>Payment>Payment>Payment>Payment>Payment>Payment>Payment>Payment>Payment>Payment>Payment,17,1,6.650262685376072e-06,C17607,78274800.0,78274800.0,78274800.0,78274800.0,Payment,"{""Payment"": 1}","{""53"": 1, ""0"": 1}"
V0148,Create Fine>Send Fine>Insert Fine Notification>Appeal to Judge>Add penalty>Payment>Payment>Payment>Payment>Payment>Payment>Payment>Payment>Payment>Payment,15,1,6.650262685376072e-06,C18190,55382400.0,55382400.0,55382400.0,55382400.0,Payment,"{""Payment"": 1}","{""30"": 1, ""0"": 1}"
V0149,Create Fine>Send Fine>Insert Fine Notification>Add penalty>Insert Date Appeal to Prefecture>Payment>Payment>Payment>Payment,9,1,6.650262685376072e-06,C18213,42505200.0,42505200.0,42505200.0,42505200.0,Payment,"{""Payment"": 1}","{""46"": 1}"
V0150,Create Fine>Send Fine>Insert Fine Notification>Add penalty>Payment>Payment>Payment>Payment>Payment>Payment>Payment>Payment,12,1,6.650262685376072e-06,C19089,70243200.0,70243200.0,70243200.0,70243200.0,Payment,"{""Payment"": 1}","{""44"": 1}"
V0151,Create Fine>Send Fine>Insert Fine Notification>Appeal to Judge>Add penalty>Payment>Payment>Payment>Payment>Payment>Payment>Payment>Payment>Payment>Payment>Payment,16,1,6.650262685376072e-06,C19108,61344000.0,61344000.0,61344000.0,61344000.0,Payment,"{""Payment"": 1}","{""40"": 1, ""0"": 1}"
V0152,Create Fine>Send Fine>Insert Fine Notification>Add penalty>Appeal to Judge>Receive Result Appeal from Prefecture,6,1,6.650262685376072e-06,C20123,48639600.0,48639600.0,48639600.0,48639600.0,Receive Result Appeal from Prefecture,{},"{""30"": 1, ""0"": 1}"
V0153,Create Fine>Send Fine>Insert Fine Notification>Appeal to Judge>Add penalty>Payment>Payment>Payment>Payment>Payment>Payment>Payment>Payment>Payment>Payment>Payment>Payment>Payment>Payment>Payment,20,1,6.650262685376072e-06,C20817,56073600.0,56073600.0,56073600.0,56073600.0,Payment,"{""Payment"": 1}","{""57"": 1, ""0"": 1}"
V0154,Create Fine>Appeal to Judge>Send Fine>Payment,4,1,6.650262685376072e-06,C21036,34992000.0,34992000.0,34992000.0,34992000.0,Payment,{},"{""57"": 1, ""0"": 1}"
V0155,Create Fine>Send Fine>Insert Fine Notification>Payment>Add penalty>Payment>Payment>Payment>Payment>Payment>Payment,11,1,6.650262685376072e-06,C22811,19868400.0,19868400.0,19868400.0,19868400.0,Payment,"{""Payment"": 1}","{""49"": 1}"
V0156,Create Fine>Send Fine>Insert Date Appeal to Prefecture>Payment>Send Appeal to Prefecture,5,1,6.650262685376072e-06,C22966,16419600.0,16419600.0,16419600.0,16419600.0,Send Appeal to Prefecture,{},"{""49"": 1}"
V0157,Create Fine>Send Fine>Insert Fine Notification>Payment>Add penalty>Payment>Payment>Payment>Payment,9,1,6.650262685376072e-06,C23364,9331200.0,9331200.0,9331200.0,9331200.0,Payment,"{""Payment"": 1}","{""40"": 1}"
V0158,Create Fine>Send Fine>Insert Fine Notification>Add penalty>Insert Date Appeal to Prefecture>Receive Result Appeal from Prefecture>Notify Result Appeal to Offender>Appeal to Judge>Send Appeal to Prefecture,9,1,6.650262685376072e-06,N100627,173149200.0,173149200.0,173149200.0,173149200.0,Send Appeal to Prefecture,{},"{""563"": 1, ""0"": 1}"
V0159,Create Fine>Send Fine>Insert Fine Notification>Insert Date Appeal to Prefecture>Add penalty>Receive Result Appeal from Prefecture>Payment,7,1,6.650262685376072e-06,N102208,30326400.0,30326400.0,30326400.0,30326400.0,Payment,{},"{""558"": 1}"
V0160,Create Fine>Payment>Send Fine>Insert Fine Notification>Add penalty>Payment>Send for Credit Collection,7,1,6.650262685376072e-06,N102972,83980800.0,83980800.0,83980800.0,83980800.0,Send for Credit Collection,"{""Payment"": 1}","{""563"": 1}"
V0161,Create Fine>Send Fine>Insert Fine Notification>Insert Date Appeal to Prefecture>Receive Result Appeal from Prefecture>Send Appeal to Prefecture>Add penalty>Notify Result Appeal to Offender>Send for Credit Collection,9,1,6.650262685376072e-06,N36911,72406800.0,72406800.0,72406800.0,72406800.0,Send for Credit Collection,{},"{""537"": 1}"
V0162,Create Fine>Send Fine>Insert Fine Notification>Appeal to Judge>Insert Date Appeal to Prefecture>Add penalty>Payment,7,1,6.650262685376072e-06,N38713,24015600.0,24015600.0,24015600.0,24015600.0,Payment,{},"{""548"": 1, ""0"": 1}"
V0163,Create Fine>Send Fine>Insert Fine Notification>Insert Date Appeal to Prefecture>Add penalty>Receive Result Appeal from Prefecture>Send Appeal to Prefecture>Notify Result Appeal to Offender>Send for Credit Collection,9,1,6.650262685376072e-06,N41256,126230400.0,126230400.0,126230400.0,126230400.0,Send for Credit Collection,{},"{""548"": 1}"
V0164,Create Fine>Insert Date Appeal to Prefecture>Send Fine>Insert Fine Notification>Send Appeal to Prefecture>Add penalty>Receive Result Appeal from Prefecture>Payment,8,1,6.650262685376072e-06,N45281,18748800.0,18748800.0,18748800.0,18748800.0,Payment,{},"{""538"": 1}"
V0165,Create Fine>Send Fine>Insert Fine Notification>Insert Date Appeal to Prefecture>Add penalty>Send Appeal to Prefecture>Receive Result Appeal from Prefecture>Appeal to Judge>Notify Result Appeal to Offender>Send for Credit Collection,10,1,6.650262685376072e-06,N52887,153532800.0,153532800.0,153532800.0,153532800.0,Send for Credit Collection,{},"{""538"": 1, ""0"": 1}"
V0166,Create Fine>Send Fine>Insert Fine Notification>Add penalty>Insert Date Appeal to Prefecture>Send Appeal to Prefecture>Receive Result Appeal from Prefecture>Notify Result Appeal to Offender>Appeal to Judge>Payment>Payment,11,1,6.650262685376072e-06,N56882,76986000.0,76986000.0,76986000.0,76986000.0,Payment,"{""Payment"": 1}","{""550"": 1, ""0"": 1}"
V0167,Create Fine>Send Fine>Insert Fine Notification>Insert Date Appeal to Prefecture>Send Appeal to Prefecture>Add penalty>Receive Result Appeal from Prefecture>Appeal to Judge>Notify Result Appeal to Offender,9,1,6.650262685376072e-06,N58131,22035600.0,22035600.0,22035600.0,22035600.0,Notify Result Appeal to Offender,{},"{""557"": 1, ""0"": 1}"
V0168,Create Fine>Payment>Send Fine>Insert Fine Notification>Insert Date Appeal to Prefecture>Add penalty>Send Appeal to Prefecture,7,1,6.650262685376072e-06,N62649,17197200.0,17197200.0,17197200.0,17197200.0,Send Appeal to Prefecture,{},"{""557"": 1}"
V0169,Create Fine>Send Fine>Insert Fine Notification>Add penalty>Payment>Payment>Payment>Payment>Send for Credit Collection,9,1,6.650262685376072e-06,N67142,73008000.0,73008000.0,73008000.0,73008000.0,Send for Credit Collection,"{""Payment"": 1}","{""537"": 1}"
V0170,Create Fine>Send Fine>Insert Fine Notification>Appeal to Judge>Add penalty>Payment>Payment>Send for Credit Collection,8,1,6.650262685376072e-06,N80664,116208000.0,116208000.0,116208000.0,116208000.0,Send for Credit Collection,"{""Payment"": 1}","{""541"": 1, ""0"": 1}"
V0171,Create Fine>Send Fine>Insert Fine Notification>Insert Date Appeal to Prefecture>Add penalty>Send Appeal to Prefecture>Receive Result Appeal from Prefecture>Payment>Notify Result Appeal to Offender>Payment,10,1,6.650262685376072e-06,N81214,35769600.0,35769600.0,35769600.0,35769600.0,Payment,"{""Payment"": 1}","{""559"": 1}"
V0172,Create Fine>Send Fine>Insert Fine Notification>Insert Date Appeal to Prefecture>Add penalty>Send Appeal to Prefecture>Receive Result Appeal from Prefecture>Appeal to Judge>Payment,9,1,6.650262685376072e-06,N81810,49597200.0,49597200.0,49597200.0,49597200.0,Payment,{},"{""561"": 1, ""0"": 1}"
V0173,Create Fine>Payment>Send Fine>Insert Fine Notification>Payment>Add penalty>Send for Credit Collection,7,1,6.650262685376072e-06,N93295,93830400.0,93830400.0,93830400.0,93830400.0,Send for Credit Collection,"{""Payment"": 1}","{""537"": 1}"
V0174,Create Fine>Payment>Payment>Send Fine>Insert Fine Notification>Add penalty>Payment,7,1,6.650262685376072e-06,N95495,47174400.0,47174400.0,47174400.0,47174400.0,Payment,"{""Payment"": 1}","{""557"": 1}"
V0175,Create Fine>Send Fine>Insert Fine Notification>Insert Date Appeal to Prefecture>Appeal to Judge>Add penalty>Send Appeal to Prefecture>Receive Result Appeal from Prefecture>Notify Result Appeal to Offender,9,1,6.650262685376072e-06,N96265,22899600.0,22899600.0,22899600.0,22899600.0,Notify Result Appeal to Offender,{},"{""537"": 1, ""0"": 1}"
V0176,Create Fine>Send Fine>Insert Fine Notification>Add penalty>Insert Date Appeal to Prefecture>Appeal to Judge>Send Appeal to Prefecture,7,1,6.650262685376072e-06,N98929,173322000.0,173322000.0,173322000.0,173322000.0,Send Appeal to Prefecture,{},"{""541"": 1, ""0"": 1}"
V0177,Create Fine>Send Fine>Insert Fine Notification>Add penalty>Insert Date Appeal to Prefecture>Receive Result Appeal from Prefecture>Notify Result Appeal to Offender>Appeal to Judge>Send for Credit Collection>Send Appeal to Prefecture,10,1,6.650262685376072e-06,N99647,173062800.0,173062800.0,173062800.0,173062800.0,Send Appeal to Prefecture,{},"{""557"": 1, ""0"": 1}"
V0178,Create Fine>Send Fine>Send Appeal to Prefecture>Insert Fine Notification>Insert Date Appeal to Prefecture>Add penalty>Receive Result Appeal from Prefecture>Notify Result Appeal to Offender,8,1,6.650262685376072e-06,P2779,22291200.0,22291200.0,22291200.0,22291200.0,Notify Result Appeal to Offender,{},"{""538"": 1}"
V0179,Create Fine>Send Fine>Insert Fine Notification>Add penalty>Insert Date Appeal to Prefecture>Receive Result Appeal from Prefecture>Notify Result Appeal to Offender,7,1,6.650262685376072e-06,S112135,30758400.0,30758400.0,30758400.0,30758400.0,Notify Result Appeal to Offender,{},"{""49"": 1}"
V0180,Create Fine>Send Fine>Insert Date Appeal to Prefecture>Insert Fine Notification>Send Appeal to Prefecture>Add penalty>Receive Result Appeal from Prefecture>Notify Result Appeal to Offender>Payment>Payment,10,1,6.650262685376072e-06,S112486,37065600.0,37065600.0,37065600.0,37065600.0,Payment,"{""Payment"": 1}","{""56"": 1}"
V0181,Create Fine>Send Fine>Insert Fine Notification>Insert Date Appeal to Prefecture>Add penalty>Send Appeal to Prefecture>Payment>Payment,8,1,6.650262685376072e-06,S113200,31795200.0,31795200.0,31795200.0,31795200.0,Payment,"{""Payment"": 1}","{""39"": 1}"
V0182,Create Fine>Insert Date Appeal to Prefecture>Send Fine>Insert Fine Notification>Send Appeal to Prefecture>Add penalty>Receive Result Appeal from Prefecture>Notify Result Appeal to Offender>Send for Credit Collection,9,1,6.650262685376072e-06,S126847,69206400.0,69206400.0,69206400.0,69206400.0,Send for Credit Collection,{},"{""53"": 1}"
V0183,Create Fine>Send Fine>Insert Fine Notification>Add penalty>Appeal to Judge>Payment>Payment>Payment>Payment,9,1,6.650262685376072e-06,S136743,83034000.0,83034000.0,83034000.0,83034000.0,Payment,"{""Payment"": 1}","{""852"": 1, ""0"": 1}"
V0184,Create Fine>Send Fine>Insert Fine Notification>Add penalty>Appeal to Judge>Payment>Payment,7,1,6.650262685376072e-06,S137319,72662400.0,72662400.0,72662400.0,72662400.0,Payment,"{""Payment"": 1}","{""49"": 1, ""0"": 1}"
V0185,Create Fine>Send Fine>Insert Fine Notification>Insert Date Appeal to Prefecture>Send Appeal to Prefecture>Add penalty>Receive Result Appeal from Prefecture>Notify Result Appeal to Offender>Payment>Appeal to Judge,10,1,6.650262685376072e-06,S140449,28508400.0,28508400.0,28508400.0,28508400.0,Appeal to Judge,{},"{""59"": 1, ""0"": 1}"
V0186,Create Fine>Send Fine>Insert Fine Notification>Insert Date Appeal to Prefecture>Add penalty>Send Appeal to Prefecture>Payment>Payment>Payment,9,1,6.650262685376072e-06,S150345,50288400.0,50288400.0,50288400.0,50288400.0,Payment,"{""Payment"": 1}","{""852"": 1}"
V0187,Create Fine>Send Fine>Insert Fine Notification>Add penalty>Appeal to Judge>Payment>Payment>Payment>Payment>Payment,10,1,6.650262685376072e-06,S154142,30326400.0,30326400.0,30326400.0,30326400.0,Payment,"{""Payment"": 1}","{""26"": 1, ""0"": 1}"
V0188,Create Fine>Send Fine>Insert Fine Notification>Payment>Add penalty>Payment>Payment>Payment>Payment>Payment>Payment>Payment,12,1,6.650262685376072e-06,S161018,27820800.0,27820800.0,27820800.0,27820800.0,Payment,"{""Payment"": 1}","{""41"": 1}"
V0189,Create Fine>Insert Date Appeal to Prefecture>Send Fine>Insert Fine Notification>Send Appeal to Prefecture>Add penalty>Payment,7,1,6.650262685376072e-06,S161627,12006000.0,12006000.0,12006000.0,12006000.0,Payment,{},"{""44"": 1}"
V0190,Create Fine>Insert Date Appeal to Prefecture>Send Fine>Insert Fine Notification>Send Appeal to Prefecture>Add penalty>Payment>Payment,8,1,6.650262685376072e-06,S161720,20732400.0,20732400.0,20732400.0,20732400.0,Payment,"{""Payment"": 1}","{""63"": 1}"
V0191,Create Fine>Send Fine>Insert Fine Notification>Insert Date Appeal to Prefecture>Add penalty>Send Appeal to Prefecture>Notify Result Appeal to Offender>Receive Result Appeal from Prefecture,8,1,6.650262685376072e-06,S184035,20653200.0,20653200.0,20653200.0,20653200.0,Receive Result Appeal from Prefecture,{},"{""849"": 1}"
V0192,Create Fine>Send Fine>Insert Date Appeal to Prefecture>Send Appeal to Prefecture>Receive Result Appeal from Prefecture,5,1,6.650262685376072e-06,S185824,25488000.0,25488000.0,25488000.0,25488000.0,Receive Result Appeal from Prefecture,{},"{""45"": 1}"
V0193,Create Fine>Payment>Payment>Send Fine,4,1,6.650262685376072e-06,S48325,5007600.0,5007600.0,5007600.0,5007600.0,Send Fine,"{""Payment"": 1}","{""27"": 1}"
V0194,Create Fine>Send Fine>Payment>Insert Date Appeal to Prefecture>Send Appeal to Prefecture,5,1,6.650262685376072e-06,S57438,12013200.0,12013200.0,12013200.0,12013200.0,Send Appeal to Prefecture,{},"{""31"": 1}"
V0195,Create Fine>Send Fine>Insert Fine Notification>Insert Date Appeal to Prefecture>Send Appeal to Prefecture>Receive Result Appeal from Prefecture>Add penalty>Payment>Payment,9,1,6.650262685376072e-06,S60542,45104400.0,45104400.0,45104400.0,45104400.0,Payment,"{""Payment"": 1}","{""26"": 1}"
V0196,Create Fine>Insert Date Appeal to Prefecture>Send Appeal to Prefecture>Send Fine>Payment,5,1,6.650262685376072e-06,S62223,7948800.0,7948800.0,7948800.0,7948800.0,Payment,{},"{""11"": 1}"
V0197,Create Fine>Send Fine>Insert Fine Notification>Insert Date Appeal to Prefecture>Receive Result Appeal from Prefecture>Send Appeal to Prefecture>Add penalty>Payment,8,1,6.650262685376072e-06,S68987,21081600.0,21081600.0,21081600.0,21081600.0,Payment,{},"{""831"": 1}"
V0198,Create Fine>Send Fine>Insert Fine Notification>Insert Date Appeal to Prefecture>Send Appeal to Prefecture>Receive Result Appeal from Prefecture>Add penalty>Notify Result Appeal to Offender>Appeal to Judge>Payment>Payment,11,1,6.650262685376072e-06,S69696,57974400.0,57974400.0,57974400.0,57974400.0,Payment,"{""Payment"": 1}","{""831"": 1, ""0"": 1}"
V0199,Create Fine>Send Fine>Insert Date Appeal to Prefecture>Insert Fine Notification>Appeal to Judge>Send Appeal to Prefecture>Add penalty>Payment,8,1,6.650262685376072e-06,S73249,44154000.0,44154000.0,44154000.0,44154000.0,Payment,{},"{""833"": 1, ""0"": 1}"
V0200,Create Fine>Send Fine>Insert Fine Notification>Insert Date Appeal to Prefecture>Add penalty>Send Appeal to Prefecture>Receive Result Appeal from Prefecture>Appeal to Judge,8,1,6.650262685376072e-06,S75970,24019200.0,24019200.0,24019200.0,24019200.0,Appeal to Judge,{},"{""823"": 1, ""0"": 1}"
V0201,Create Fine>Send Fine>Insert Fine Notification>Insert Date Appeal to Prefecture>Send Appeal to Prefecture>Add penalty>Receive Result Appeal from Prefecture>Appeal to Judge>Notify Result Appeal to Offender>Payment,10,1,6.650262685376072e-06,S82666,66787200.0,66787200.0,66787200.0,66787200.0,Payment,{},"{""44"": 1, ""0"": 1}"
V0202,Create Fine>Send Fine>Insert Fine Notification>Add penalty>Insert Date Appeal to Prefecture>Send Appeal to Prefecture>Receive Result Appeal from Prefecture>Appeal to Judge>Notify Result Appeal to Offender,9,1,6.650262685376072e-06,S87021,30931200.0,30931200.0,30931200.0,30931200.0,Notify Result Appeal to Offender,{},"{""9"": 1, ""0"": 1}"
V0203,Create Fine>Send Fine>Insert Fine Notification>Add penalty>Receive Result Appeal from Prefecture>Notify Result Appeal to Offender>Appeal to Judge>Payment,8,1,6.650262685376072e-06,S87107,66614400.0,66614400.0,66614400.0,66614400.0,Payment,{},"{""824"": 1, ""0"": 1}"
V0204,Create Fine>Send Fine>Insert Fine Notification>Add penalty>Payment>Appeal to Judge>Payment,7,1,6.650262685376072e-06,S92963,46054800.0,46054800.0,46054800.0,46054800.0,Payment,"{""Payment"": 1}","{""10"": 1, ""0"": 1}"
V0205,Create Fine>Send Fine>Insert Fine Notification>Payment>Add penalty>Appeal to Judge,6,1,6.650262685376072e-06,S95382,72925200.0,72925200.0,72925200.0,72925200.0,Appeal to Judge,{},"{""44"": 1, ""0"": 1}"
V0206,Create Fine>Send Fine>Insert Fine Notification>Insert Date Appeal to Prefecture>Appeal to Judge>Send Appeal to Prefecture>Add penalty>Receive Result Appeal from Prefecture,8,1,6.650262685376072e-06,S96683,21081600.0,21081600.0,21081600.0,21081600.0,Receive Result Appeal from Prefecture,{},"{""57"": 1, ""0"": 1}"
V0207,Create Fine>Send Fine>Insert Date Appeal to Prefecture>Send Appeal to Prefecture>Insert Fine Notification>Add penalty>Payment,7,1,6.650262685376072e-06,V10030,45882000.0,45882000.0,45882000.0,45882000.0,Payment,{},"{""839"": 1}"
V0208,Create Fine>Insert Date Appeal to Prefecture>Send Appeal to Prefecture>Send Fine>Insert Fine Notification>Add penalty>Payment,7,1,6.650262685376072e-06,V10149,33955200.0,33955200.0,33955200.0,33955200.0,Payment,{},"{""29"": 1}"
V0209,Create Fine>Send Fine>Insert Fine Notification>Appeal to Judge>Add penalty>Payment>Payment>Payment,8,1,6.650262685376072e-06,V10395,119750400.0,119750400.0,119750400.0,119750400.0,Payment,"{""Payment"": 1}","{""11"": 1, ""0"": 1}"
V0210,Create Fine>Send Fine>Insert Fine Notification>Add penalty>Insert Date Appeal to Prefecture>Send Appeal to Prefecture>Receive Result Appeal from Prefecture>Appeal to Judge>Notify Result Appeal to Offender>Payment,10,1,6.650262685376072e-06,V10968,103417200.0,103417200.0,103417200.0,103417200.0,Payment,{},"{""35"": 1, ""0"": 1}"
V0211,Create Fine>Send Fine>Insert Fine Notification>Insert Date Appeal to Prefecture>Add penalty>Send Appeal to Prefecture>Receive Result Appeal from Prefecture>Notify Result Appeal to Offender>Payment>Payment>Payment>Payment>Payment>Payment,14,1,6.650262685376072e-06,V11249,38962800.0,38962800.0,38962800.0,38962800.0,Payment,"{""Payment"": 1}","{""22"": 1}"
V0212,Create Fine>Send Fine>Insert Fine Notification>Insert Date Appeal to Prefecture>Send Appeal to Prefecture>Add penalty>Receive Result Appeal from Prefecture>Appeal to Judge,8,1,6.650262685376072e-06,V11762,26701200.0,26701200.0,26701200.0,26701200.0,Appeal to Judge,{},"{""35"": 1, ""0"": 1}"
V0213,Create Fine>Send Fine>Insert Fine Notification>Insert Date Appeal to Prefecture>Send Appeal to Prefecture>Add penalty>Receive Result Appeal from Prefecture>Notify Result Appeal to Offender>Payment>Payment>Send for Credit Collection,11,1,6.650262685376072e-06,V11790,51498000.0,51498000.0,51498000.0,51498000.0,Send for Credit Collection,"{""Payment"": 1}","{""35"": 1}"
V0214,Create Fine>Send Fine>Insert Fine Notification>Insert Date Appeal to Prefecture>Appeal to Judge>Send Appeal to Prefecture>Add penalty>Receive Result Appeal from Prefecture>Notify Result Appeal to Offender>Send for Credit Collection,10,1,6.650262685376072e-06,V16089,84499200.0,84499200.0,84499200.0,84499200.0,Send for Credit Collection,{},"{""37"": 1, ""0"": 1}"
V0215,Create Fine>Send Fine>Insert Fine Notification>Insert Date Appeal to Prefecture>Add penalty>Receive Result Appeal from Prefecture>Appeal to Judge>Send Appeal to Prefecture,8,1,6.650262685376072e-06,V16549,158803200.0,158803200.0,158803200.0,158803200.0,Send Appeal to Prefecture,{},"{""31"": 1, ""0"": 1}"
V0216,Create Fine>Send Fine>Insert Fine Notification>Insert Date Appeal to Prefecture>Send Appeal to Prefecture>Receive Result Appeal from Prefecture>Add penalty>Notify Result Appeal to Offender>Appeal to Judge>Payment,10,1,6.650262685376072e-06,V16732,49165200.0,49165200.0,49165200.0,49165200.0,Payment,{},"{""29"": 1, ""0"": 1}"
V0217,Create Fine>Send Fine>Insert Fine Notification>Add penalty>Payment>Payment>Payment>Payment>Payment>Payment>Payment>Payment>Payment>Payment,14,1,6.650262685376072e-06,V18366,68338800.0,68338800.0,68338800.0,68338800.0,Payment,"{""Payment"": 1}","{""30"": 1}"
V0218,Create Fine>Send Fine>Insert Fine Notification>Add penalty>Payment>Payment>Payment>Payment>Payment>Payment>Payment>Payment>Payment>Payment>Send for Credit Collection,15,1,6.650262685376072e-06,V18908,63932400.0,63932400.0,63932400.0,63932400.0,Send for Credit Collection,"{""Payment"": 1}","{""29"": 1}"
V0219,Create Fine>Payment>Send Fine>Insert Fine Notification>Insert Date Appeal to Prefecture>Send Appeal to Prefecture>Add penalty>Receive Result Appeal from Prefecture>Notify Result Appeal to Offender,9,1,6.650262685376072e-06,V4402,10796400.0,10796400.0,10796400.0,10796400.0,Notify Result Appeal to Offender,{},"{""27"": 1}"
V0220,Create Fine>Send Fine>Insert Fine Notification>Payment>Add penalty>Insert Date Appeal to Prefecture>Send Appeal to Prefecture>Payment,8,1,6.650262685376072e-06,V4870,13914000.0,13914000.0,13914000.0,13914000.0,Payment,"{""Payment"": 1}","{""36"": 1}"
V0221,Create Fine>Send Fine>Insert Fine Notification>Insert Date Appeal to Prefecture>Add penalty>Receive Result Appeal from Prefecture>Send Appeal to Prefecture>Payment,8,1,6.650262685376072e-06,V7616,23932800.0,23932800.0,23932800.0,23932800.0,Payment,{},"{""35"": 1}"
V0222,Create Fine>Send Fine>Insert Fine Notification>Appeal to Judge>Add penalty>Payment>Payment>Payment>Payment>Payment>Payment,11,1,6.650262685376072e-06,V7767,124329600.0,124329600.0,124329600.0,124329600.0,Payment,"{""Payment"": 1}","{""28"": 1, ""0"": 1}"
V0223,Create Fine>Send Fine>Insert Fine Notification>Receive Result Appeal from Prefecture>Insert Date Appeal to Prefecture>Send Appeal to Prefecture>Add penalty>Payment,8,1,6.650262685376072e-06,V7999,33177600.0,33177600.0,33177600.0,33177600.0,Payment,{},"{""29"": 1}"
V0224,Create Fine>Send Fine>Insert Fine Notification>Insert Date Appeal to Prefecture>Send Appeal to Prefecture>Appeal to Judge>Add penalty>Payment>Payment>Payment>Payment>Payment>Payment>Payment>Payment>Payment>Payment,17,1,6.650262685376072e-06,V8169,61603200.0,61603200.0,61603200.0,61603200.0,Payment,"{""Payment"": 1}","{""25"": 1, ""0"": 1}"
V0225,Create Fine>Send Fine>Insert Fine Notification>Insert Date Appeal to Prefecture>Appeal to Judge>Send Appeal to Prefecture>Add penalty>Payment>Payment>Payment>Payment>Payment,12,1,6.650262685376072e-06,V8192,88819200.0,88819200.0,88819200.0,88819200.0,Payment,"{""Payment"": 1}","{""31"": 1, ""0"": 1}"
V0226,Create Fine>Send Fine>Insert Fine Notification>Insert Date Appeal to Prefecture>Send Appeal to Prefecture>Add penalty>Payment>Receive Result Appeal from Prefecture>Notify Result Appeal to Offender>Payment,10,1,6.650262685376072e-06,V8350,35946000.0,35946000.0,35946000.0,35946000.0,Payment,"{""Payment"": 1}","{""29"": 1}"
V0227,Create Fine>Send Fine>Send Appeal to Prefecture>Insert Fine Notification>Insert Date Appeal to Prefecture>Add penalty>Payment,7,1,6.650262685376072e-06,V8443,20390400.0,20390400.0,20390400.0,20390400.0,Payment,{},"{""28"": 1}"
V0228,Create Fine>Send Fine>Insert Fine Notification>Insert Date Appeal to Prefecture>Add penalty>Payment>Payment>Payment,8,1,6.650262685376072e-06,V8629,28162800.0,28162800.0,28162800.0,28162800.0,Payment,"{""Payment"": 1}","{""11"": 1}"
V0229,Create Fine>Send Fine>Insert Fine Notification>Insert Date Appeal to Prefecture>Send Appeal to Prefecture>Add penalty>Receive Result Appeal from Prefecture>Notify Result Appeal to Offender>Payment>Send for Credit Collection,10,1,6.650262685376072e-06,V8700,66528000.0,66528000.0,66528000.0,66528000.0,Send for Credit Collection,{},"{""28"": 1}"
V0230,Create Fine>Send Fine>Insert Fine Notification>Insert Date Appeal to Prefecture>Send Appeal to Prefecture>Add penalty>Receive Result Appeal from Prefecture>Notify Result Appeal to Offender>Appeal to Judge>Payment>Payment>Payment>Payment>Payment>Payment,15,1,6.650262685376072e-06,V9576,68860800.0,68860800.0,68860800.0,68860800.0,Payment,"{""Payment"": 1}","{""28"": 1, ""0"": 1}"
V0231,Create Fine>Send Fine>Insert Date Appeal to Prefecture>Send Appeal to Prefecture>Insert Fine Notification>Appeal to Judge>Add penalty>Payment,8,1,6.650262685376072e-06,V9715,20649600.0,20649600.0,20649600.0,20649600.0,Payment,{},"{""28"": 1, ""0"": 1}"
